Name,Body,Year,Price,Transmission,Mileage,Volume,Car Drive,Steering wheel,Customs Clearance,Color
Audi Q5,кроссовер,2015,13500000,Автомат,89422 км,2 л,полный,Левый,Да,Серебристый
Audi e-tron,Null,2020,46000000,Автомат,19900 км,Null,полный,Левый,Да,Синий
Audi Q3,кроссовер,2012,10000000,Робот,44000 км,2 л,полный,Левый,Да,Черный
Audi A8,седан,2018,41500000,Автомат,142000 км,3 л,полный,Левый,Да,Черный
Audi A5,лифтбек,2011,8399000,Робот,193250 км,2 л,полный,Левый,Да,Серый
Audi A3,хетчбэк,2012,3800000,Робот,140000 км,1.2 л,передний,Левый,Нет,Синий
Audi A6,седан,2005,6500000,Автомат,Null,3.2 л,полный,Левый,Да,Серый
Audi A7,лифтбек,2010,12000000,Робот,156000 км,3 л,полный,Левый,Да,Серый
Toyota Camry,седан,2006,8000000,Автомат,Null,3 л,передний,Левый,Да,Черный
Toyota Camry,седан,2011,8000000,Автомат,200000 км,2 л,передний,Левый,Да,Серый
Toyota Camry,седан,2015,13700000,Автомат,159000 км,2 л,передний,Левый,Да,Белый
Toyota Camry,седан,2008,6300000,Автомат,Null,2 л,передний,Левый,Да,Синий
Toyota Camry,седан,2012,10000000,Автомат,150000 км,2 л,передний,Левый,Да,Серебристый
Toyota Camry,седан,2012,10500000,Автомат,140000 км,2 л,передний,Левый,Да,Серебристый
Toyota Camry,седан,2020,16000000,Автомат,30000 км,2 л,передний,Левый,Да,Белый
Toyota Camry,седан,2016,12500000,Автомат,171000 км,2 л,передний,Левый,Да,Черный
Toyota Camry,седан,2007,7200000,Автомат,275000 км,3 л,передний,Левый,Да,Белый
Toyota Camry,седан,2019,18390000,Автомат,46789 км,2 л,передний,Левый,Да,Null
Toyota Camry,седан,2004,5500000,Автомат,Null,2 л,передний,Левый,Да,Null
Toyota Avensis,седан,2006,5000000,Механика,Null,1 л,передний,Левый,Да,Серый
Toyota Avensis,седан,2005,4900000,Механика,Null,1 л,передний,Левый,Да,Серебристый
Toyota Avensis,седан,2009,7200000,Вариатор,Null,2 л,передний,Левый,Да,Null
Toyota Avensis,универсал,2005,5800000,Автомат,Null,2 л,передний,Левый,Да,Серебристый
Toyota Avensis,седан,2008,9500000,Механика,19000 км,1 л,передний,Левый,Да,Белый
Toyota Avensis,седан,2010,7600000,Вариатор,175000 км,1 л,передний,Левый,Да,Синий
Toyota Avensis,седан,2007,4900000,Автомат,9999 км,1 л,передний,Левый,Да,Черный
Toyota Avensis,седан,2006,5700000,Автомат,Null,2 л,передний,Левый,Да,Зеленый
Toyota Avensis,седан,2007,5200000,Механика,Null,1 л,передний,Левый,Да,Null
Toyota Avensis,универсал,2004,5600000,Автомат,173000 км,2 л,передний,Левый,Да,Серый
Toyota Avensis,универсал,2004,4600000,Механика,249000 км,2 л,передний,Левый,Да,Серый
Toyota 4Runner,внедорожник,2005,12500000,Автомат,Null,4 л,полный,Левый,Да,Серебристый
Toyota 4Runner,внедорожник,2020,28000000,Автомат,Null,4 л,полный,Левый,Да,Белый
Toyota 4Runner,внедорожник,2015,21000000,Автомат,60000 км,4 л,полный,Левый,Да,Серебристый
Toyota 4Runner,внедорожник,2004,9000000,Автомат,200000 км,4 л,полный,Левый,Нет,Синий
Toyota 4Runner,внедорожник,2007,13000000,Автомат,482700 км,4 л,полный,Левый,Да,Null
Toyota 4Runner,внедорожник,2008,13300000,Автомат,193000 км,4 л,полный,Левый,Да,Null
Toyota 4Runner,внедорожник,2005,9900000,Автомат,247000 км,4 л,полный,Левый,Нет,Null
Toyota 4Runner,внедорожник,2005,10400000,Автомат,180000 км,4 л,полный,Левый,Да,Серый
Toyota 4Runner,внедорожник,2004,13900000,Автомат,200000 км,4 л,полный,Левый,Да,Синий
Toyota 4Runner,внедорожник,2004,12000000,Автомат,274254 км,4 л,полный,Левый,Да,Null
Toyota 4Runner,внедорожник,2020,28000000,Автомат,29000 км,4 л,полный,Левый,Да,Черный
Toyota 4Runner,внедорожник,2004,11000000,Автомат,Null,4 л,полный,Левый,Да,Черный
Toyota 4Runner,внедорожник,2007,13800000,Автомат,230000 км,4 л,полный,Левый,Да,Серый
Mercedes-Benz E 280,седан,2005,6500000,Автомат,Null,3 л,задний,Левый,Да,Null
Volkswagen Polo,седан,2014,5000000,Автомат,117000 км,1.6 л,передний,Левый,Да,Белый
Volkswagen Polo,седан,2018,7490000,Автомат,149816 км,1.6 л,передний,Левый,Да,Серый
Volkswagen Polo,лифтбек,2020,9680000,Автомат,49530 км,1.6 л,передний,Левый,Да,Коричневый
Volkswagen Polo,седан,2011,3500000,Автомат,248000 км,1.6 л,передний,Левый,Нет,Черный
Volkswagen Polo,седан,2014,6200000,Автомат,99000 км,1.6 л,передний,Левый,Да,Белый
Продам Шкоду Октавия А5,хетчбэк,2012,5400000,Механика,230000 км,1.6 л,передний,Левый,Да,Белый
Volkswagen Polo,седан,2018,7270000,Автомат,85415 км,1.6 л,передний,Левый,Да,Серый
Volkswagen Polo,седан,2020,8770000,Автомат,55958 км,1.6 л,передний,Левый,Да,Серый
Volkswagen Polo,седан,2014,5500000,Механика,190000 км,1.6 л,передний,Левый,Да,Белый
Volkswagen Polo,седан,2014,4350000,Механика,185000 км,1.6 л,передний,Левый,Да,Белый
Volkswagen Polo,лифтбек,2020,9300000,Автомат,40000 км,1.6 л,передний,Левый,Да,Белый
Chevrolet Malibu,седан,2019,9500000,Автомат,Null,1.5 л,передний,Левый,Да,Серый
Chevrolet Malibu,седан,2020,14500000,Автомат,9600 км,2 л,передний,Левый,Да,Черный
Chevrolet Malibu,седан,2018,8300000,Автомат,90000 км,1.5 л,передний,Левый,Да,Серый
Chevrolet Malibu,седан,2014,8500000,Автомат,195000 км,2.4 л,передний,Левый,Да,Черный
Chevrolet Malibu,седан,2018,8500000,Автомат,37000 км,2 л,передний,Левый,Да,Черный
Chevrolet Malibu,седан,2020,13300000,Автомат,44492 км,1.5 л,передний,Левый,Да,Null
Chevrolet Malibu,седан,2013,6900000,Автомат,121000 км,2.5 л,передний,Левый,Да,Серый
Chevrolet Malibu,седан,2013,8000000,Автомат,198000 км,2.4 л,передний,Левый,Да,Белый
Chevrolet Malibu,седан,2020,9600000,Вариатор,74772 км,1.5 л,передний,Левый,Да,Серый
Chevrolet Malibu,седан,2020,13100000,Автомат,80000 км,2 л,передний,Левый,Да,Белый
Chevrolet Malibu,седан,2017,8300000,Автомат,91000 км,1.5 л,передний,Левый,Да,Null
Chevrolet Malibu,седан,2019,10000000,Автомат,45000 км,1.5 л,передний,Левый,Да,Белый
Chevrolet Malibu,седан,2005,2100000,Автомат,270000 км,2.2 л,передний,Левый,Да,Белый
Chevrolet Malibu,седан,2020,14000000,Автомат,60000 км,2 л,передний,Левый,Да,Черный
Chevrolet Malibu,седан,2019,9100000,Автомат,Null,1.5 л,передний,Левый,Да,Null
Chevrolet Malibu,седан,2014,7490000,Автомат,188734 км,2.4 л,передний,Левый,Да,Серый
Chevrolet Malibu,седан,2017,8600000,Автомат,117100 км,1.5 л,передний,Левый,Да,Белый
Chevrolet Malibu,седан,2020,10500000,Автомат,Null,1.3 л,передний,Левый,Да,Серый
Volkswagen Polo,седан,2018,7400000,Автомат,112000 км,1.6 л,передний,Левый,Да,Бежевый
Volkswagen Polo,седан,2019,7350000,Автомат,93003 км,1.6 л,передний,Левый,Да,Белый
Volkswagen Polo,седан,2015,6900000,Автомат,58000 км,1.6 л,передний,Левый,Да,Белый
Volkswagen Polo,седан,2015,4700000,Механика,231000 км,1.6 л,передний,Левый,Да,Белый
Volkswagen Polo,седан,2018,6950000,Автомат,144350 км,1.6 л,передний,Левый,Да,Серый
Volkswagen Polo,седан,2013,7200000,Автомат,141000 км,1.6 л,передний,Левый,Да,Серебристый
Volkswagen Polo,седан,2019,7700000,Автомат,70000 км,1.6 л,передний,Левый,Да,Белый
Volkswagen Polo,седан,2018,7200000,Автомат,144000 км,1.6 л,передний,Левый,Да,Серебристый
Volkswagen Polo,седан,2018,7270000,Автомат,133077 км,1.6 л,передний,Левый,Да,Черный
Volkswagen Polo,лифтбек,2020,10270000,Автомат,55350 км,1.6 л,передний,Левый,Да,Серый
Chevrolet Nexia,седан,2020,5800000,Автомат,54000 км,1.5 л,передний,Левый,Да,Серый
Chevrolet Nexia,седан,2020,6100000,Автомат,52500 км,1.5 л,передний,Левый,Да,Белый
Chevrolet Nexia,седан,2020,5000000,Механика,41716 км,1.5 л,передний,Левый,Да,Белый
Chevrolet Nexia,седан,2020,6000000,Автомат,19900 км,1.5 л,передний,Левый,Да,Серебристый
Chevrolet Nexia,седан,2020,5700000,Автомат,52000 км,1.5 л,передний,Левый,Да,Белый
Chevrolet Nexia,седан,2020,6090000,Механика,68563 км,1.5 л,передний,Левый,Да,Белый
Chevrolet Nexia,седан,2020,5770000,Автомат,111223 км,1.5 л,передний,Левый,Да,Белый
Chevrolet Nexia,седан,2020,5890000,Автомат,68220 км,1.5 л,передний,Левый,Да,Белый
Chevrolet Nexia,седан,2020,5800000,Автомат,73000 км,1.5 л,передний,Левый,Да,Серебристый
Chevrolet Nexia,седан,2020,4700000,Механика,75000 км,1.5 л,передний,Левый,Да,Белый
Chevrolet Nexia,седан,2020,5600000,Автомат,33000 км,1.5 л,передний,Левый,Да,Синий
Chevrolet Nexia,седан,2020,4500000,Механика,119000 км,1.5 л,передний,Левый,Да,Серебристый
Chevrolet Nexia,седан,2020,6390000,Автомат,40044 км,1.5 л,передний,Левый,Да,Черный
Chevrolet Nexia,седан,2020,5500000,Механика,40000 км,1.5 л,передний,Левый,Да,Серый
Chevrolet Nexia,седан,2020,5800000,Автомат,40000 км,1.5 л,передний,Левый,Да,Белый
Chevrolet Nexia,седан,2020,5000000,Механика,73025 км,1.5 л,передний,Левый,Да,Белый
Chevrolet Nexia,седан,2020,5490000,Механика,51403 км,1.5 л,передний,Левый,Да,Серый
Chevrolet Nexia,седан,2020,4750000,Механика,37000 км,1.5 л,передний,Левый,Да,Белый
Chevrolet Nexia,седан,2020,4900000,Механика,99000 км,1.5 л,передний,Левый,Да,Белый
Chevrolet Nexia,седан,2020,5800000,Автомат,103000 км,1.6 л,передний,Левый,Да,Null
Chevrolet Nexia,седан,2020,5800000,Автомат,29000 км,1.5 л,передний,Левый,Да,Белый
Chevrolet Nexia,седан,2020,4750000,Механика,Null,1.5 л,передний,Левый,Да,Белый
Chevrolet Nexia,седан,2020,4650000,Механика,47000 км,1.5 л,передний,Левый,Да,Белый
Chevrolet Nexia,седан,2020,5000000,Автомат,122500 км,1.5 л,передний,Левый,Да,Null
Chevrolet Nexia,седан,2020,4999000,Механика,30000 км,1.5 л,передний,Левый,Да,Белый
Chevrolet Nexia,седан,2020,6390000,Автомат,47065 км,1.5 л,передний,Левый,Да,Черный
Chevrolet Nexia,седан,2020,5200000,Автомат,70000 км,1.5 л,передний,Левый,Да,Черный
Chevrolet Nexia,седан,2020,5000000,Механика,62000 км,1.5 л,передний,Левый,Да,Белый
Chevrolet Nexia,седан,2020,5800000,Автомат,45000 км,1.5 л,передний,Левый,Да,Белый
Chevrolet Nexia,седан,2020,5100000,Механика,46500 км,1.5 л,передний,Левый,Да,Null
Chevrolet Nexia,седан,2020,5000000,Механика,58000 км,1.5 л,передний,Левый,Да,Белый
Chevrolet Nexia,седан,2020,6300000,Автомат,33900 км,1.5 л,передний,Левый,Да,Белый
Chevrolet Nexia,седан,2020,5600000,Автомат,45000 км,1.5 л,передний,Левый,Да,Белый
Chevrolet Nexia,седан,2020,4600000,Механика,777 км,1.5 л,передний,Левый,Да,Белый
Chevrolet Nexia,седан,2020,6000000,Автомат,8000 км,1.5 л,передний,Левый,Да,Серебристый
Chevrolet Nexia,седан,2020,5590000,Механика,49549 км,1.5 л,передний,Левый,Да,Белый
Chevrolet Nexia,седан,2020,5200000,Механика,Null,1.5 л,передний,Левый,Да,Белый
Chevrolet Nexia,седан,2020,5650000,Автомат,69000 км,1.5 л,передний,Левый,Да,Белый
Chevrolet Nexia,седан,2020,5590000,Механика,55419 км,1.5 л,передний,Левый,Да,Белый
Chevrolet Nexia,седан,2020,5000000,Механика,66000 км,1.5 л,передний,Левый,Да,Белый
Chevrolet Nexia,седан,2020,5595000,Механика,14544 км,1.5 л,передний,Левый,Да,Белый
Chevrolet Nexia,седан,2020,4800000,Механика,186592 км,1.5 л,передний,Левый,Да,Белый
Chevrolet Nexia,седан,2020,5700000,Автомат,Null,1.5 л,передний,Левый,Да,Белый
Chevrolet Nexia,седан,2020,5700000,Автомат,57000 км,1.5 л,передний,Левый,Да,Синий
Chevrolet Nexia,седан,2020,5900000,Автомат,15000 км,1.5 л,передний,Левый,Да,Коричневый
Chevrolet Nexia,седан,2020,4500000,Механика,Null,1.5 л,передний,Левый,Да,Серый
Chevrolet Nexia,седан,2020,5500000,Автомат,80986 км,1.5 л,передний,Левый,Да,Null
Chevrolet Nexia,седан,2020,5600000,Автомат,60 км,1.5 л,передний,Левый,Да,Серый
Chevrolet Nexia,седан,2020,5800000,Автомат,70000 км,1.5 л,передний,Левый,Да,Null
Chevrolet Nexia,седан,2020,4800000,Механика,80000 км,1.5 л,передний,Левый,Да,Белый
Chevrolet Nexia,седан,2020,5500000,Механика,55366 км,1.5 л,передний,Левый,Да,Черный
Chevrolet Nexia,седан,2020,5200000,Механика,40000 км,1.5 л,передний,Левый,Да,Белый
Chevrolet Nexia,седан,2020,5450000,Автомат,40000 км,1.5 л,передний,Левый,Да,Серебристый
Chevrolet Nexia,седан,2020,6000000,Автомат,10200 км,1.5 л,передний,Левый,Да,Серебристый
Chevrolet Nexia,седан,2020,5000000,Механика,80000 км,1.5 л,передний,Левый,Да,Белый
Chevrolet Nexia,седан,2020,5570000,Автомат,64857 км,1.5 л,передний,Левый,Да,Серый
Chevrolet Nexia,седан,2020,5400000,Автомат,40000 км,1.5 л,передний,Левый,Да,Серебристый
Chevrolet Nexia,седан,2020,5650000,Механика,23527 км,1.5 л,передний,Левый,Да,Белый
Chevrolet Nexia,седан,2020,4000000,Механика,85000 км,1.5 л,передний,Левый,Да,Белый
Chevrolet Nexia,седан,2020,6500000,Автомат,16061 км,1.5 л,передний,Левый,Да,Белый
Chevrolet Nexia,седан,2020,5900000,Автомат,50000 км,1.5 л,передний,Левый,Да,Null
Chevrolet Nexia,седан,2020,6000000,Автомат,48000 км,1.5 л,передний,Левый,Да,Null
Chevrolet Nexia,седан,2020,6290000,Автомат,63286 км,1.5 л,передний,Левый,Да,Белый
Chevrolet Nexia,седан,2020,5650000,Механика,23480 км,1.5 л,передний,Левый,Да,Белый
Chevrolet Nexia,седан,2020,5350000,Автомат,64000 км,1.5 л,передний,Левый,Да,Серебристый
Chevrolet Nexia,седан,2020,5290000,Механика,93371 км,1.5 л,передний,Левый,Да,Белый
Chevrolet Nexia,седан,2020,5190000,Механика,37328 км,1.5 л,передний,Левый,Да,Null
Chevrolet Nexia,седан,2020,6250000,Автомат,50000 км,1.5 л,передний,Левый,Да,Белый
Chevrolet Nexia,седан,2020,5350000,Механика,40000 км,1.5 л,передний,Левый,Да,Белый
Chevrolet Nexia,седан,2020,5150000,Автомат,96000 км,1.5 л,передний,Левый,Да,Белый
Chevrolet Nexia,седан,2020,5000000,Механика,52000 км,1.5 л,передний,Левый,Да,Белый
Chevrolet Nexia,седан,2020,5600000,Механика,56000 км,1.5 л,передний,Левый,Да,Белый
Chevrolet Nexia,седан,2020,6200000,Автомат,Null,1.5 л,передний,Левый,Да,Белый
Chevrolet Nexia,седан,2020,4400000,Механика,89000 км,1.5 л,передний,Левый,Да,Null
Chevrolet Nexia,седан,2020,5590000,Автомат,76042 км,1.5 л,передний,Левый,Да,Серый
Chevrolet Nexia,седан,2020,5100000,Автомат,54000 км,1.5 л,передний,Левый,Да,Null
Chevrolet Nexia,седан,2020,5000000,Механика,53000 км,1.5 л,передний,Левый,Да,Серый
Chevrolet Nexia,седан,2020,6100000,Автомат,26000 км,1.5 л,передний,Левый,Да,Серый
Chevrolet Nexia,седан,2020,5200000,Механика,57000 км,1.5 л,передний,Левый,Да,Белый
Chevrolet Nexia,седан,2020,5200000,Механика,78000 км,1.5 л,передний,Левый,Да,Серебристый
Chevrolet Nexia,седан,2020,6250000,Автомат,24000 км,1.5 л,передний,Левый,Да,Черный
Chevrolet Nexia,седан,2020,3800000,Механика,205500 км,1.5 л,передний,Левый,Да,Null
Chevrolet Nexia,седан,2020,4300000,Механика,31000 км,1.5 л,передний,Левый,Да,Белый
Chevrolet Nexia,седан,2020,5800000,Автомат,85000 км,1.5 л,передний,Левый,Да,Белый
Chevrolet Nexia,седан,2020,6100000,Автомат,Null,1.5 л,передний,Левый,Да,Белый
Chevrolet Nexia,седан,2020,2900000,Механика,Null,1.5 л,передний,Левый,Да,Серый
Chevrolet Nexia,седан,2020,6000000,Автомат,31000 км,1.5 л,передний,Левый,Да,Белый
Chevrolet Nexia,седан,2020,6190000,Автомат,49967 км,1.5 л,передний,Левый,Да,Серый
Chevrolet Nexia,седан,2020,5800000,Автомат,70000 км,1.5 л,передний,Левый,Да,Коричневый
Chevrolet Nexia,седан,2020,5300000,Механика,18000 км,1.5 л,передний,Левый,Да,Черный
Chevrolet Nexia,седан,2020,5000000,Механика,45000 км,1.5 л,передний,Левый,Да,Серый
Chevrolet Nexia,седан,2020,6000000,Автомат,47000 км,1.5 л,передний,Левый,Да,Серебристый
Chevrolet Nexia,седан,2020,5600000,Автомат,43000 км,1.5 л,передний,Левый,Да,Белый
Chevrolet Nexia,седан,2020,5050000,Механика,50000 км,1.5 л,передний,Левый,Да,Белый
Chevrolet Nexia,седан,2020,5000000,Механика,80000 км,1.5 л,передний,Левый,Да,Коричневый
Chevrolet Nexia,седан,2020,1800000,Механика,66000 км,1.5 л,передний,Левый,Да,Белый
Chevrolet Nexia,седан,2020,5299999,Механика,80000 км,1.5 л,передний,Левый,Да,Null
Chevrolet Niva,внедорожник,2013,5000000,Механика,Null,1.7 л,полный,Левый,Да,Белый
Chevrolet Niva,внедорожник,2013,3800000,Механика,203000 км,1.7 л,полный,Левый,Да,Null
Chevrolet Niva,внедорожник,2014,4190000,Механика,198376 км,1.7 л,полный,Левый,Да,Белый
Chevrolet Niva,внедорожник,2017,4500000,Механика,115000 км,1.7 л,полный,Левый,Да,Серый
Chevrolet Niva,внедорожник,2013,4000000,Механика,70000 км,1.7 л,полный,Левый,Да,Серебристый
Chevrolet Niva,внедорожник,2013,3000000,Механика,248000 км,1.7 л,полный,Левый,Да,Null
Chevrolet Niva,внедорожник,2011,4500000,Механика,113267 км,1.7 л,полный,Левый,Да,Черный
Chevrolet Niva,внедорожник,2018,5200000,Механика,69000 км,1.7 л,полный,Левый,Да,Черный
Chevrolet Niva,внедорожник,2013,4200000,Механика,115000 км,1.7 л,полный,Левый,Да,Белый
Chevrolet Niva,внедорожник,2008,3600000,Автомат,20000 км,2.3 л,полный,Левый,Да,Серый
Chevrolet Niva,внедорожник,2014,3200000,Механика,230000 км,1.7 л,полный,Левый,Да,Белый
Chevrolet Niva,внедорожник,2013,3200000,Механика,125000 км,1.7 л,полный,Левый,Да,Серебристый
Chevrolet Niva,внедорожник,2013,3200000,Механика,242000 км,1.7 л,полный,Левый,Да,Серебристый
Chevrolet Niva,внедорожник,2007,4500000,Механика,90284 км,1.6 л,полный,Левый,Да,Серебристый
Chevrolet Niva,внедорожник,2007,1500000,Механика,777 км,1.7 л,полный,Левый,Нет,Null
Chevrolet Niva,внедорожник,2014,3000000,Механика,180 км,1.7 л,полный,Левый,Да,Серый
Chevrolet Niva,внедорожник,2013,2800000,Механика,115000 км,1.7 л,полный,Левый,Нет,Синий
Chevrolet Niva,внедорожник,2013,3200000,Механика,Null,1.7 л,полный,Левый,Да,Белый
Chevrolet Niva,внедорожник,2012,4500000,Механика,Null,1.7 л,полный,Левый,Да,Серебристый
Chevrolet Niva,внедорожник,2005,2000000,Механика,Null,1.7 л,полный,Левый,Да,Null
Chevrolet Niva,внедорожник,2013,3500000,Механика,Null,1.7 л,полный,Левый,Да,Null
Chevrolet Niva,внедорожник,2014,5700000,Механика,51000 км,1.7 л,полный,Левый,Да,Null
Chevrolet Niva,внедорожник,2014,5700000,Механика,51000 км,1.7 л,полный,Левый,Да,Null
Chevrolet Niva,внедорожник,2013,3100000,Механика,135600 км,1.7 л,полный,Левый,Да,Null
Chevrolet Niva,внедорожник,2014,3300000,Механика,110000 км,1.7 л,полный,Левый,Да,Null
Chevrolet Niva,внедорожник,2014,5700000,Механика,51000 км,1.7 л,полный,Левый,Да,Серебристый
Chevrolet Niva,внедорожник,2015,3800000,Механика,Null,1.7 л,полный,Левый,Да,Серебристый
Chevrolet Niva,внедорожник,2018,5700000,Механика,67000 км,1.7 л,полный,Левый,Да,Синий
Chevrolet Niva,внедорожник,2009,3500000,Механика,Null,1.7 л,полный,Левый,Да,Серый
Chevrolet Niva,внедорожник,2004,1500000,Механика,225000 км,1.7 л,полный,Левый,Да,Null
Chevrolet Niva,внедорожник,2018,5200000,Механика,130000 км,1.7 л,полный,Левый,Да,Серебристый
Chevrolet Niva,внедорожник,2004,1000000,Механика,484000 км,1.7 л,полный,Левый,Да,Null
Chevrolet Niva,внедорожник,2007,2370000,Механика,210000 км,1.7 л,полный,Левый,Да,Серебристый
Chevrolet Niva,внедорожник,2013,3500000,Механика,200000 км,1.7 л,полный,Левый,Да,Серебристый
Chevrolet Niva,внедорожник,2014,2900000,Механика,Null,1.7 л,полный,Левый,Да,Null
Chevrolet Niva,внедорожник,2013,2800000,Механика,Null,1.7 л,полный,Левый,Да,Серебристый
Chevrolet Niva,внедорожник,2014,3500000,Механика,140000 км,1.7 л,полный,Левый,Да,Серебристый
Chevrolet Niva,внедорожник,2013,3500000,Механика,190000 км,1.7 л,полный,Левый,Да,Синий
Chevrolet Niva,внедорожник,2012,3200000,Механика,250000 км,1.7 л,полный,Левый,Да,Серый
Chevrolet Niva,внедорожник,2007,1300000,Механика,209000 км,1.7 л,полный,Левый,Да,Серый
Chevrolet Niva,внедорожник,2019,5900000,Механика,100000 км,1.7 л,полный,Левый,Да,Серебристый
Chevrolet Niva,внедорожник,2014,3400000,Механика,Null,1.7 л,полный,Левый,Да,Зеленый
Chevrolet Niva,внедорожник,2007,1800000,Механика,Null,1.7 л,полный,Левый,Да,Серый
Chevrolet Niva,внедорожник,2007,2500000,Механика,112000 км,1.7 л,полный,Левый,Да,Бежевый
Chevrolet Niva,внедорожник,2016,1600000,Механика,83000 км,1.7 л,полный,Левый,Нет,Null
Chevrolet Niva,внедорожник,2006,2450000,Механика,Null,1.7 л,полный,Левый,Да,Серебристый
Chevrolet Niva,внедорожник,2019,6100000,Механика,50000 км,1.7 л,полный,Левый,Да,Null
Chevrolet Niva,внедорожник,2005,1150000,Механика,159000 км,1.7 л,полный,Левый,Нет,Null
Chevrolet Niva,внедорожник,2014,4200000,Механика,Null,1.7 л,полный,Левый,Да,Белый
Chevrolet Niva,внедорожник,2017,4650000,Механика,128000 км,1.7 л,полный,Левый,Да,Серебристый
Chevrolet Niva,внедорожник,2006,2000000,Механика,111222 км,1.7 л,полный,Левый,Да,Черный
Chevrolet Niva,внедорожник,2005,1000000,Механика,327000 км,1.7 л,полный,Левый,Да,Синий
Chevrolet Niva,внедорожник,2011,1700000,Механика,160000 км,1.7 л,полный,Левый,Нет,Null
Chevrolet Niva,внедорожник,2014,4000000,Механика,125000 км,1.7 л,полный,Левый,Да,Черный
Chevrolet Niva,внедорожник,2013,2800000,Механика,200 км,1.7 л,полный,Левый,Да,Серый
Chevrolet Niva,внедорожник,2007,2700000,Механика,400000 км,1.8 л,полный,Левый,Да,Серебристый
Chevrolet Niva,внедорожник,2014,3450000,Механика,125340 км,1.7 л,полный,Левый,Да,Зеленый
Chevrolet Niva,внедорожник,2016,4500000,Механика,110000 км,1.7 л,полный,Левый,Да,Зеленый
Chevrolet Niva,внедорожник,2015,4400000,Механика,109000 км,1.7 л,полный,Левый,Да,Серый
Chevrolet Niva,внедорожник,2004,1800000,Механика,Null,1.7 л,полный,Левый,Да,Null
Chevrolet Niva,внедорожник,2012,2800000,Механика,240000 км,1.7 л,полный,Левый,Да,Серебристый
Chevrolet Niva,внедорожник,2004,2500000,Механика,263935 км,1.7 л,полный,Левый,Да,Null
Chevrolet Niva,внедорожник,2013,2800000,Механика,260000 км,1.7 л,полный,Левый,Да,Белый
Chevrolet Niva,внедорожник,2012,3000000,Механика,150000 км,1.7 л,полный,Левый,Да,Черный
Chevrolet Niva,внедорожник,2014,2300000,Механика,Null,1.7 л,полный,Левый,Да,Null
Chevrolet Niva,внедорожник,2013,2800000,Механика,128 км,1.7 л,полный,Левый,Да,Null
Chevrolet Niva,внедорожник,2015,4450000,Механика,154000 км,1.7 л,полный,Левый,Да,Null
Chevrolet Niva,внедорожник,2004,2000000,Механика,293355 км,1.7 л,полный,Левый,Да,Серый
Chevrolet Niva,внедорожник,2004,950000,Механика,Null,1.7 л,полный,Левый,Нет,Белый
Chevrolet Niva,внедорожник,2013,3500000,Механика,180000 км,1.7 л,полный,Левый,Да,Серебристый
Chevrolet Niva,внедорожник,2014,3100000,Механика,95000 км,1.7 л,полный,Левый,Да,Null
Chevrolet Niva,внедорожник,2011,3100000,Механика,Null,1.7 л,полный,Левый,Да,Null
Chevrolet Niva,внедорожник,2007,2600000,Механика,175000 км,1.7 л,полный,Левый,Да,Серый
Chevrolet Niva,внедорожник,2013,3500000,Механика,Null,1.7 л,полный,Левый,Да,Серебристый
Chevrolet Niva,внедорожник,2014,4300000,Механика,93000 км,1.7 л,полный,Левый,Да,Белый
Chevrolet Niva,внедорожник,2014,3400000,Механика,150000 км,1.7 л,полный,Левый,Да,Null
Chevrolet Niva,внедорожник,2014,3000000,Механика,Null,1.7 л,полный,Левый,Да,Зеленый
Chevrolet Niva,внедорожник,2013,3300000,Механика,Null,1.7 л,полный,Левый,Да,Серый
Chevrolet Niva,внедорожник,2020,6200000,Механика,40000 км,1.7 л,полный,Левый,Да,Серый
Chevrolet Niva,внедорожник,2010,3300000,Механика,219412 км,1.7 л,полный,Левый,Да,Коричневый
Chevrolet Niva,внедорожник,2006,1820000,Механика,200000 км,1.7 л,полный,Левый,Нет,Зеленый
Chevrolet Niva,внедорожник,2015,4200000,Механика,161000 км,1.7 л,полный,Левый,Да,Серебристый
Chevrolet Niva,внедорожник,2019,6500000,Механика,18100 км,1.7 л,полный,Левый,Да,Бежевый
Chevrolet Niva,внедорожник,2020,6400000,Механика,44000 км,1.7 л,полный,Левый,Да,Серебристый
Chevrolet Niva,внедорожник,2013,2000000,Механика,Null,1.7 л,полный,Левый,Да,Null
Chevrolet Niva,внедорожник,2007,2900000,Механика,280000 км,1.7 л,полный,Левый,Да,Null
Chevrolet Niva,внедорожник,2018,4650000,Механика,105000 км,1.7 л,полный,Левый,Да,Null
Chevrolet Niva,внедорожник,2019,6700000,Механика,45000 км,1.7 л,полный,Левый,Да,Серый
Chevrolet Niva,внедорожник,2005,10000,Механика,Null,1.7 л,полный,Левый,Да,Серый
Chevrolet Niva,внедорожник,2016,3300000,Механика,101500 км,1.7 л,полный,Левый,Нет,Серый
Chevrolet Niva,внедорожник,2014,3400000,Механика,142100 км,1.7 л,полный,Левый,Да,Белый
Chevrolet Niva,внедорожник,2014,3500000,Механика,217000 км,1.7 л,полный,Левый,Да,Серебристый
Chevrolet Niva,внедорожник,2014,4000000,Механика,Null,1.7 л,полный,Левый,Да,Бежевый
Chevrolet Niva,внедорожник,2014,3400000,Механика,100400 км,1.7 л,полный,Левый,Да,Серый
Chevrolet Niva,внедорожник,2007,1600000,Механика,Null,1.7 л,полный,Левый,Да,Черный
Chevrolet Niva,внедорожник,2015,2500000,Механика,Null,1.7 л,полный,Левый,Да,Серебристый
Chevrolet Niva,внедорожник,2012,3150000,Механика,246000 км,1.7 л,полный,Левый,Да,Null
Chevrolet Niva,внедорожник,2005,1850000,Механика,138000 км,1.7 л,полный,Левый,Да,Зеленый
Chevrolet Niva,внедорожник,2006,2000000,Механика,Null,1.7 л,полный,Левый,Да,Серебристый
Chevrolet Niva,внедорожник,2008,2300000,Механика,Null,1.7 л,полный,Левый,Да,Null
Chevrolet Niva,внедорожник,2017,5200000,Механика,135000 км,1.7 л,полный,Левый,Да,Null
Chevrolet Niva,внедорожник,2014,3970000,Механика,Null,1.7 л,полный,Левый,Да,Null
Chevrolet Niva,внедорожник,2015,4520000,Механика,118032 км,1.7 л,полный,Левый,Да,Серебристый
Chevrolet Niva,внедорожник,2014,3290000,Механика,Null,1.7 л,полный,Левый,Да,Белый
Chevrolet Niva,внедорожник,2012,3500000,Механика,127000 км,1.7 л,полный,Левый,Нет,Серебристый
Chevrolet Niva,внедорожник,2016,4200000,Механика,128000 км,1.7 л,полный,Левый,Да,Серый
Chevrolet Niva,внедорожник,2007,2200000,Механика,1770 км,1.7 л,полный,Левый,Да,Серый
Chevrolet Niva,внедорожник,2010,3900000,Механика,103000 км,1.7 л,полный,Левый,Да,Белый
Chevrolet Niva,внедорожник,2015,4190000,Механика,160630 км,1.7 л,полный,Левый,Да,Зеленый
Chevrolet Niva,внедорожник,2018,6000000,Механика,110000 км,1.7 л,полный,Левый,Да,Белый
Chevrolet Niva,внедорожник,2008,2150000,Механика,Null,1.7 л,полный,Левый,Да,Серебристый
Chevrolet Niva,внедорожник,2007,2900000,Механика,1200 км,1.7 л,полный,Левый,Да,Null
Chevrolet Niva,внедорожник,2020,6100000,Механика,75000 км,1.7 л,полный,Левый,Да,Серебристый
Chevrolet Niva,внедорожник,2013,3500000,Механика,150000 км,1.7 л,полный,Левый,Да,Серый
Chevrolet Niva,внедорожник,2014,3600000,Механика,145000 км,1.7 л,полный,Левый,Да,Черный
Chevrolet Niva,внедорожник,2005,1400000,Механика,200000 км,1.7 л,полный,Левый,Да,Серый
Chevrolet Niva,внедорожник,2013,3520000,Механика,96166 км,1.7 л,полный,Левый,Да,Серый
Chevrolet Niva,внедорожник,2016,5000000,Механика,83500 км,1.7 л,полный,Левый,Да,Серый
Chevrolet Niva,внедорожник,2004,1500000,Механика,Null,1.8 л,полный,Левый,Да,Серебристый
Chevrolet Niva,внедорожник,2013,2300000,Механика,Null,1.7 л,полный,Левый,Да,Серебристый
Chevrolet Niva,внедорожник,2016,4900000,Механика,90000 км,1.7 л,полный,Левый,Да,Коричневый
Chevrolet Niva,внедорожник,2014,4100000,Механика,98000 км,1.7 л,полный,Левый,Да,Null
Chevrolet Niva,внедорожник,2019,5700000,Механика,Null,1.7 л,полный,Левый,Да,Серый
Chevrolet Niva,внедорожник,2015,4800000,Механика,Null,1.7 л,полный,Левый,Да,Белый
Chevrolet Niva,внедорожник,2014,2600000,Механика,230000 км,1.7 л,полный,Левый,Да,Белый
Chevrolet Niva,внедорожник,2014,3000000,Механика,315000 км,1.7 л,полный,Левый,Да,Серый
Chevrolet Niva,внедорожник,2007,3500000,Механика,130000 км,1.7 л,полный,Левый,Да,Null
Chevrolet Niva,внедорожник,2007,2100000,Механика,Null,1.7 л,полный,Левый,Да,Серый
Chevrolet Niva,внедорожник,2004,1500000,Механика,Null,1.7 л,полный,Левый,Да,Серебристый
Chevrolet Niva,внедорожник,2014,3600000,Механика,163434 км,1.7 л,полный,Левый,Да,Серый
Chevrolet Niva,внедорожник,2020,6500000,Механика,58000 км,1.7 л,полный,Левый,Да,Серебристый
Chevrolet Niva,внедорожник,2014,3200000,Механика,187000 км,1.7 л,полный,Левый,Да,Зеленый
Chevrolet Niva,внедорожник,2014,3400000,Механика,Null,1.7 л,полный,Левый,Да,Null
Chevrolet Niva,внедорожник,2015,5500000,Механика,57281 км,1.7 л,полный,Левый,Да,Серебристый
Chevrolet Niva,внедорожник,2015,4100000,Механика,95000 км,1.7 л,полный,Левый,Да,Зеленый
Chevrolet Niva,внедорожник,2017,5300000,Механика,Null,1.7 л,полный,Левый,Да,Серебристый
Chevrolet Niva,внедорожник,2013,3450000,Механика,110000 км,1.7 л,полный,Левый,Да,Серебристый
Chevrolet Niva,внедорожник,2017,5900000,Механика,30000 км,1.7 л,полный,Левый,Да,Черный
Chevrolet Niva,внедорожник,2013,3200000,Механика,Null,1.7 л,полный,Левый,Да,Серебристый
Chevrolet Niva,внедорожник,2008,2100000,Механика,Null,1.7 л,полный,Левый,Да,Серебристый
Chevrolet Niva,внедорожник,2008,1800000,Механика,255555 км,1.7 л,полный,Левый,Нет,Черный
Chevrolet Niva,внедорожник,2007,2150000,Механика,175931 км,1.7 л,полный,Левый,Да,Серый
Chevrolet Niva,внедорожник,2006,2300000,Механика,169165 км,1.7 л,полный,Левый,Да,Серебристый
Chevrolet Niva,внедорожник,2012,4000000,Механика,56000 км,1.7 л,полный,Левый,Да,Серый
Chevrolet Niva,внедорожник,2015,5500000,Механика,55000 км,1.7 л,полный,Левый,Да,Зеленый
Chevrolet Niva,внедорожник,2013,3500000,Механика,132000 км,1.7 л,полный,Левый,Да,Серебристый
Chevrolet Niva,внедорожник,2014,4100000,Механика,133000 км,1.7 л,полный,Левый,Да,Белый
Chevrolet Niva,внедорожник,2014,3200000,Механика,103000 км,1.7 л,полный,Левый,Нет,Белый
Chevrolet Niva,внедорожник,2005,1650000,Механика,Null,1.7 л,полный,Левый,Да,Серебристый
Chevrolet Niva,внедорожник,2012,3000000,Механика,Null,1.7 л,полный,Левый,Да,Серебристый
Chevrolet Niva,внедорожник,2013,4300000,Механика,143000 км,1.7 л,полный,Левый,Да,Серебристый
Chevrolet Niva,внедорожник,2015,3700000,Механика,148000 км,1.7 л,полный,Левый,Да,Черный
Chevrolet Niva,внедорожник,2005,1100000,Механика,Null,1.7 л,полный,Левый,Нет,Null
Chevrolet Niva,внедорожник,2020,6400000,Механика,44000 км,1.7 л,полный,Левый,Да,Серый
Chevrolet Niva,внедорожник,2018,6200000,Механика,28000 км,1.7 л,полный,Левый,Да,Белый
Chevrolet Niva,внедорожник,2020,6000000,Механика,10000 км,1.7 л,полный,Левый,Да,Белый
Chevrolet Niva,внедорожник,2012,3500000,Механика,169000 км,1.7 л,полный,Левый,Да,Коричневый
Chevrolet Niva,кроссовер,2017,4250000,Механика,91559 км,1.7 л,полный,Левый,Да,Серый
Chevrolet Niva,внедорожник,2012,3200000,Механика,72152 км,1.7 л,полный,Левый,Да,Null
Chevrolet Niva,внедорожник,2005,1800000,Механика,406000 км,1.7 л,полный,Левый,Да,Серебристый
Chevrolet Niva,внедорожник,2014,4100000,Механика,133000 км,1.7 л,полный,Левый,Да,Черный
Chevrolet Niva,внедорожник,2005,2650000,Механика,17000 км,1.5 л,полный,Левый,Да,Серебристый
Chevrolet Niva,внедорожник,2005,2000000,Механика,Null,1.7 л,полный,Левый,Да,Null
Chevrolet Niva,внедорожник,2012,3950000,Механика,282000 км,1.7 л,полный,Левый,Да,Null
Chevrolet Niva,внедорожник,2007,2200000,Механика,137000 км,1.7 л,полный,Левый,Да,Черный
Chevrolet Niva,внедорожник,2018,4800000,Механика,49000 км,1.7 л,полный,Левый,Да,Серый
Chevrolet Niva,внедорожник,2012,3150000,Механика,Null,1.7 л,полный,Левый,Да,Серый
Chevrolet Niva,внедорожник,2006,1840000,Механика,Null,1.7 л,полный,Левый,Да,Null
Chevrolet Niva,внедорожник,2012,2900000,Механика,Null,1.7 л,полный,Левый,Да,Серый
Chevrolet Niva,внедорожник,2013,5100000,Механика,60757 км,1.7 л,полный,Левый,Да,Null
Chevrolet Niva,внедорожник,2007,1500000,Механика,Null,1.7 л,полный,Левый,Нет,Серебристый
Chevrolet Niva,внедорожник,2005,2500000,Механика,Null,1.7 л,полный,Левый,Да,Серебристый
Chevrolet Niva,внедорожник,2013,2300000,Механика,134000 км,1.7 л,полный,Левый,Да,Null
Chevrolet Niva,внедорожник,2014,3700000,Механика,Null,1.7 л,полный,Левый,Да,Null
Chevrolet Niva,внедорожник,2010,3400000,Механика,207000 км,1.7 л,полный,Левый,Да,Синий
Chevrolet Niva,внедорожник,2013,3500000,Механика,130000 км,1.7 л,полный,Левый,Да,Серебристый
Chevrolet Niva,внедорожник,2006,1400000,Механика,200000 км,1.7 л,полный,Левый,Да,Null
Chevrolet Niva,внедорожник,2007,750000,Механика,140000 км,1.7 л,полный,Левый,Нет,Серебристый
Chevrolet Niva,внедорожник,2014,3700000,Механика,78000 км,1.7 л,полный,Левый,Да,Белый
Chevrolet Niva,внедорожник,2012,4100000,Механика,75000 км,1.7 л,полный,Левый,Да,Серый
Chevrolet Niva,внедорожник,2010,3000000,Механика,180000 км,1.7 л,полный,Левый,Нет,Серебристый
Chevrolet Niva,внедорожник,2007,3200000,Механика,Null,1.7 л,полный,Левый,Да,Null
Chevrolet Niva,внедорожник,2007,1800000,Механика,175000 км,1.7 л,полный,Левый,Да,Серый
Chevrolet Niva,внедорожник,2017,5200000,Механика,72000 км,1.7 л,полный,Левый,Да,Серый
Chevrolet Niva,внедорожник,2008,1900000,Механика,Null,1.7 л,полный,Левый,Да,Серебристый
Chevrolet Niva,внедорожник,2018,4600000,Механика,52000 км,1.7 л,полный,Левый,Да,Серебристый
Chevrolet Niva,внедорожник,2011,2500000,Механика,197900 км,1.7 л,полный,Левый,Нет,Серый
Chevrolet Niva,внедорожник,2014,3200000,Механика,300000 км,1.7 л,полный,Левый,Да,Серебристый
Chevrolet Niva,внедорожник,2010,1500000,Механика,93000 км,1.7 л,полный,Левый,Да,Серебристый
Chevrolet Niva,внедорожник,2012,3500000,Механика,Null,1.7 л,полный,Левый,Да,Null
Chevrolet Niva,внедорожник,2012,3500000,Механика,Null,1.7 л,полный,Левый,Да,Null
Chevrolet Niva,внедорожник,2008,1200000,Механика,123455 км,1.7 л,полный,Левый,Да,Null
Chevrolet Niva,внедорожник,2014,3600000,Механика,190000 км,1.7 л,полный,Левый,Да,Коричневый
Chevrolet Niva,внедорожник,2013,3200000,Механика,180000 км,1.7 л,полный,Левый,Да,Null
Chevrolet Niva,внедорожник,2007,2600000,Механика,100000 км,1.7 л,полный,Левый,Да,Null
Chevrolet Niva,внедорожник,2008,2500000,Механика,Null,1.7 л,полный,Левый,Да,Серый
Chevrolet Niva,внедорожник,2008,2500000,Механика,Null,1.7 л,полный,Левый,Да,Null
Chevrolet Niva,внедорожник,2013,3400000,Механика,122000 км,1.7 л,полный,Левый,Да,Серебристый
Chevrolet Niva,внедорожник,2013,3500000,Механика,Null,1.7 л,полный,Левый,Да,Null
Chevrolet Niva,внедорожник,2019,6100000,Механика,103500 км,1.7 л,полный,Левый,Да,Серебристый
Chevrolet Niva,внедорожник,2006,2500000,Механика,480000 км,1.7 л,полный,Левый,Да,Черный
Chevrolet Niva,внедорожник,2008,2600000,Механика,Null,1.7 л,полный,Левый,Да,Серебристый
Chevrolet Niva,внедорожник,2013,3800000,Механика,203000 км,1.7 л,полный,Левый,Да,Серебристый
Chevrolet Niva,внедорожник,2005,1700000,Механика,Null,1.7 л,полный,Левый,Да,Серебристый
Chevrolet Niva,внедорожник,2020,6500000,Механика,36000 км,1.7 л,полный,Левый,Да,Коричневый
Chevrolet Niva,внедорожник,2012,2500000,Механика,150000 км,1.7 л,полный,Левый,Да,Серебристый
Chevrolet Niva,внедорожник,2013,3700000,Механика,200000 км,1.7 л,полный,Левый,Да,Серебристый
Chevrolet Niva,внедорожник,2007,650000,Механика,140000 км,1.7 л,полный,Левый,Нет,Null
Chevrolet Niva,внедорожник,2014,3000000,Механика,290000 км,1.7 л,полный,Левый,Да,Белый
Chevrolet Niva,внедорожник,2014,2500000,Механика,80000 км,1.7 л,полный,Левый,Нет,Null
Chevrolet Niva,внедорожник,2007,1750000,Механика,140 км,1.7 л,полный,Левый,Да,Серебристый
Chevrolet Niva,внедорожник,2012,7000000,Механика,32000 км,1.7 л,полный,Левый,Да,Серый
Chevrolet Niva,внедорожник,2012,2800000,Механика,210000 км,1.7 л,полный,Левый,Да,Серый
Chevrolet Niva,внедорожник,2007,2500000,Механика,235000 км,1.7 л,полный,Левый,Да,Null
Chevrolet Niva,внедорожник,2008,3000000,Механика,194714 км,1.7 л,полный,Левый,Да,Серебристый
Chevrolet Niva,внедорожник,2015,4600000,Механика,106000 км,1.7 л,полный,Левый,Да,Белый
Chevrolet Niva,внедорожник,2016,3900000,Механика,167000 км,1.7 л,полный,Левый,Да,Белый
Chevrolet Niva,внедорожник,2013,3500000,Механика,171000 км,1.7 л,полный,Левый,Да,Серый
Chevrolet Niva,внедорожник,2013,2300000,Механика,134000 км,1.7 л,полный,Левый,Да,Null
Chevrolet Niva,внедорожник,2004,1200000,Механика,Null,1.7 л,полный,Левый,Да,Null
Chevrolet Niva,внедорожник,2020,7000000,Механика,Null,1.7 л,полный,Левый,Да,Null
Chevrolet Niva,внедорожник,2018,6000000,Механика,21000 км,1.7 л,полный,Левый,Да,Серебристый
Chevrolet Niva,внедорожник,2014,3200000,Механика,260000 км,1.7 л,полный,Левый,Да,Серебристый
Chevrolet Niva,внедорожник,2007,1700000,Механика,Null,1.7 л,полный,Левый,Да,Серебристый
Chevrolet Niva,внедорожник,2016,3300000,Механика,97000 км,1.7 л,полный,Левый,Нет,Null
Chevrolet Niva,внедорожник,2018,5000000,Механика,100000 км,1.7 л,полный,Левый,Да,Белый
Chevrolet Niva,внедорожник,2006,2600000,Механика,314236 км,1.7 л,полный,Левый,Да,Серебристый
Chevrolet Niva,внедорожник,2019,5800000,Механика,80000 км,1.7 л,полный,Левый,Да,Null
Chevrolet Niva,внедорожник,2014,3800000,Механика,121000 км,1.7 л,полный,Левый,Да,Null
Chevrolet Niva,внедорожник,2014,4000000,Механика,162000 км,1.7 л,полный,Левый,Да,Белый
Chevrolet Niva,внедорожник,2004,2666666,Механика,Null,1.7 л,полный,Левый,Да,Null
Chevrolet Niva,внедорожник,2014,4700000,Механика,115000 км,1.7 л,полный,Левый,Да,Серебристый
Chevrolet Niva,внедорожник,2018,6180000,Механика,58000 км,1.7 л,полный,Левый,Да,Зеленый
Chevrolet Niva,внедорожник,2014,3850000,Механика,170000 км,1.7 л,полный,Левый,Да,Null
Chevrolet Niva,внедорожник,2014,4290000,Механика,Null,1.7 л,полный,Левый,Да,Белый
Chevrolet Niva,внедорожник,2020,7100000,Механика,47000 км,1.7 л,полный,Левый,Да,Null
Chevrolet Niva,внедорожник,2005,1500000,Механика,Null,1.7 л,полный,Левый,Да,Null
Chevrolet Niva,внедорожник,2014,3090000,Механика,193475 км,1.7 л,полный,Левый,Да,Белый
Chevrolet Niva,внедорожник,2007,1500000,Механика,201000 км,1.8 л,полный,Левый,Нет,Черный
Chevrolet Niva,внедорожник,2010,2300000,Механика,Null,1.7 л,полный,Левый,Да,Серебристый
Chevrolet Niva,внедорожник,2014,3770000,Механика,120000 км,1.7 л,полный,Левый,Да,Серебристый
Chevrolet Niva,внедорожник,2013,3700000,Механика,121000 км,1.7 л,полный,Левый,Да,Серебристый
Chevrolet Niva,внедорожник,2014,3800000,Механика,120500 км,1.7 л,полный,Левый,Да,Черный
Chevrolet Niva,внедорожник,2016,5100000,Механика,54000 км,1.7 л,полный,Левый,Да,Черный
Chevrolet Niva,внедорожник,2015,4700000,Механика,110000 км,1.7 л,полный,Левый,Да,Белый
Chevrolet Niva,внедорожник,2013,3290000,Механика,127532 км,1.7 л,полный,Левый,Да,Серый
Chevrolet Niva,внедорожник,2012,2850000,Механика,220000 км,1.7 л,полный,Левый,Да,Серебристый
Chevrolet Niva,внедорожник,2013,3500000,Механика,160000 км,1.7 л,полный,Левый,Да,Null
Chevrolet Niva,внедорожник,2015,3500000,Механика,142000 км,1.7 л,полный,Левый,Да,Null
Chevrolet Niva,внедорожник,2010,2400000,Механика,184000 км,1.7 л,полный,Левый,Да,Серебристый
Chevrolet Niva,внедорожник,2006,2000000,Механика,168000 км,1.7 л,полный,Левый,Нет,Серебристый
Chevrolet Niva,внедорожник,2007,1800000,Механика,Null,1.7 л,полный,Левый,Да,Null
Chevrolet Niva,внедорожник,2009,2100000,Механика,Null,1.7 л,полный,Левый,Да,Серый
Chevrolet Niva,внедорожник,2010,3400000,Механика,152 км,1.7 л,полный,Левый,Да,Черный
Chevrolet Niva,внедорожник,2015,2590000,Механика,271700 км,1.7 л,полный,Левый,Да,Синий
Chevrolet Niva,внедорожник,2014,3450000,Механика,180000 км,1.7 л,полный,Левый,Да,Белый
Chevrolet Niva,внедорожник,2007,2500000,Механика,215000 км,1.7 л,полный,Левый,Да,Серебристый
Chevrolet Niva,внедорожник,2014,4550000,Механика,127 км,1.7 л,полный,Левый,Да,Серый
Chevrolet Niva,внедорожник,2012,2850000,Механика,200000 км,1.7 л,полный,Левый,Да,Серебристый
Chevrolet Niva,внедорожник,2006,2800000,Механика,115000 км,1.7 л,полный,Левый,Да,Null
Chevrolet Niva,внедорожник,2007,2000000,Механика,240 км,1.7 л,полный,Левый,Да,Null
Chevrolet Niva,внедорожник,2006,3000000,Механика,350000 км,1.7 л,полный,Левый,Да,Серебристый
Chevrolet Niva,внедорожник,2011,1800000,Механика,Null,1.7 л,полный,Левый,Да,Черный
Chevrolet Niva,внедорожник,2008,2400000,Механика,Null,1.7 л,полный,Левый,Да,Серебристый
Chevrolet Niva,внедорожник,2007,1850000,Механика,Null,1.7 л,полный,Левый,Нет,Синий
Chevrolet Niva,внедорожник,2016,4800000,Механика,Null,1.7 л,полный,Левый,Да,Серебристый
Chevrolet Niva,внедорожник,2010,3000000,Механика,22222 км,1.7 л,полный,Левый,Да,Серебристый
Chevrolet Niva,внедорожник,2013,3200000,Механика,Null,1.7 л,полный,Левый,Да,Серый
Chevrolet Niva,внедорожник,2014,3500000,Механика,150 км,1.7 л,полный,Левый,Да,Белый
Chevrolet Niva,внедорожник,2013,2200000,Механика,105000 км,1.7 л,полный,Левый,Нет,Null
Chevrolet Niva,внедорожник,2013,4300000,Механика,Null,1.7 л,полный,Левый,Да,Серебристый
Chevrolet Niva,внедорожник,2006,1580000,Механика,Null,1.7 л,полный,Левый,Да,Null
Chevrolet Niva,внедорожник,2013,3300000,Механика,185000 км,1.7 л,полный,Левый,Да,Зеленый
Chevrolet Niva,внедорожник,2008,3500000,Механика,168000 км,1.7 л,полный,Левый,Да,Черный
Chevrolet Niva,внедорожник,2008,3500000,Механика,168000 км,1.7 л,полный,Левый,Да,Черный
Chevrolet Niva,внедорожник,2015,5000000,Механика,107000 км,1.7 л,полный,Левый,Да,Серебристый
Chevrolet Niva,внедорожник,2005,2200000,Механика,Null,1.7 л,полный,Левый,Да,Серебристый
Chevrolet Niva,внедорожник,2005,1750000,Механика,200000 км,1.7 л,полный,Левый,Нет,Серый
Chevrolet Niva,внедорожник,2017,4490000,Механика,Null,1.7 л,полный,Левый,Да,Null
Chevrolet Niva,внедорожник,2004,1280000,Механика,Null,1.7 л,полный,Левый,Нет,Серебристый
Chevrolet Niva,внедорожник,2007,2600000,Механика,Null,1.7 л,полный,Левый,Да,Серебристый
Chevrolet Niva,внедорожник,2013,3200000,Механика,Null,1.7 л,полный,Левый,Да,Null
Chevrolet Niva,внедорожник,2014,3950000,Механика,120000 км,1.7 л,полный,Левый,Да,Белый
Chevrolet Niva,внедорожник,2013,3200000,Механика,Null,1.7 л,полный,Левый,Да,Синий
Chevrolet Niva,внедорожник,2007,2200000,Механика,192872 км,1.7 л,полный,Левый,Да,Серый
Chevrolet Niva,внедорожник,2020,7100000,Механика,1800 км,1.7 л,полный,Левый,Да,Зеленый
Chevrolet Niva,внедорожник,2019,6200000,Механика,9000 км,1.7 л,полный,Левый,Да,Синий
Chevrolet Niva,внедорожник,2013,3400000,Механика,114000 км,1.7 л,полный,Левый,Да,Серебристый
Chevrolet Niva,внедорожник,2015,2700000,Механика,10000 км,1.7 л,полный,Левый,Да,Белый
Chevrolet Niva,внедорожник,2020,7000000,Механика,54000 км,1.7 л,полный,Левый,Да,Белый
Chevrolet Niva,внедорожник,2004,2700000,Механика,Null,1.7 л,полный,Левый,Да,Null
Chevrolet Niva,внедорожник,2014,3900000,Механика,162000 км,1.7 л,полный,Левый,Да,Null
Chevrolet Niva,внедорожник,2015,500000,Механика,Null,1.7 л,полный,Левый,Нет,Серебристый
Chevrolet Niva,внедорожник,2014,3950000,Механика,114000 км,1.7 л,полный,Левый,Да,Белый
Chevrolet Niva,внедорожник,2012,3500000,Механика,Null,1.7 л,полный,Левый,Да,Белый
Chevrolet Niva,внедорожник,2008,2500000,Механика,Null,1.7 л,полный,Левый,Да,Серебристый
Chevrolet Niva,внедорожник,2013,3500000,Механика,140000 км,1.7 л,полный,Левый,Да,Серебристый
Chevrolet Niva,внедорожник,2013,2000000,Механика,Null,1.7 л,полный,Левый,Да,Серебристый
Chevrolet Niva,внедорожник,2012,2100000,Механика,111111 км,1.7 л,полный,Левый,Да,Null
Chevrolet Niva,внедорожник,2014,4100000,Механика,88000 км,1.7 л,полный,Левый,Да,Null
Chevrolet Niva,внедорожник,2004,1700000,Механика,157000 км,1.7 л,полный,Левый,Да,Null
Chevrolet Niva,внедорожник,2019,4800000,Механика,123100 км,1.7 л,полный,Левый,Да,Null
Chevrolet Niva,внедорожник,2019,6500000,Механика,64000 км,1.7 л,полный,Левый,Да,Черный
Chevrolet Niva,внедорожник,2007,4000000,Механика,90000 км,1.7 л,полный,Левый,Да,Null
Chevrolet Niva,внедорожник,2009,2700000,Механика,132000 км,1.7 л,полный,Левый,Да,Серебристый
Chevrolet Niva,внедорожник,2012,3200000,Механика,157000 км,1.7 л,полный,Левый,Да,Серый
Chevrolet Niva,внедорожник,2007,600000,Механика,Null,1.7 л,полный,Левый,Нет,Null
Chevrolet Niva,внедорожник,2011,3000000,Механика,Null,1.7 л,полный,Левый,Да,Серебристый
Chevrolet Niva,внедорожник,2008,1600000,Механика,Null,1.7 л,полный,Левый,Да,Null
Chevrolet Niva,внедорожник,2017,4200000,Механика,85000 км,1.7 л,полный,Левый,Да,Серый
Chevrolet Niva,внедорожник,2005,1600000,Механика,Null,1.7 л,полный,Левый,Да,Null
Chevrolet Niva,внедорожник,2014,3950000,Механика,220000 км,1.7 л,полный,Левый,Да,Серый
Chevrolet Niva,внедорожник,2005,1400000,Механика,225000 км,1.7 л,полный,Левый,Да,Null
Chevrolet Niva,внедорожник,2011,2450000,Механика,Null,1.7 л,полный,Левый,Нет,Null
Chevrolet Niva,внедорожник,2005,2300000,Механика,Null,1.7 л,полный,Левый,Да,Фиолетовый
Chevrolet Niva,внедорожник,2014,3900000,Механика,103370 км,1.7 л,полный,Левый,Да,Null
Chevrolet Niva,внедорожник,2012,3500000,Механика,Null,1.7 л,полный,Левый,Да,Белый
Chevrolet Niva,внедорожник,2014,4700000,Механика,96000 км,1.7 л,полный,Левый,Да,Серебристый
Chevrolet Niva,внедорожник,2009,2000000,Механика,156099 км,1.6 л,полный,Левый,Да,Черный
Chevrolet Niva,внедорожник,2005,2000000,Механика,280999 км,1.7 л,полный,Левый,Да,Фиолетовый
Chevrolet Niva,внедорожник,2014,3700000,Механика,78000 км,1.7 л,полный,Левый,Да,Белый
Chevrolet Niva,внедорожник,2008,2200000,Механика,Null,1.7 л,полный,Левый,Да,Серебристый
Chevrolet Niva,внедорожник,2012,2500000,Механика,200000 км,1.7 л,полный,Левый,Да,Серебристый
Chevrolet Niva,внедорожник,2013,3300000,Механика,129000 км,1.7 л,полный,Левый,Да,Серебристый
Chevrolet Niva,внедорожник,2012,2690000,Механика,117000 км,1.7 л,полный,Левый,Да,Null
Chevrolet Niva,внедорожник,2007,1600000,Механика,Null,1.7 л,полный,Левый,Да,Null
Chevrolet Niva,внедорожник,2011,2450000,Механика,Null,1.7 л,полный,Левый,Да,Null
Chevrolet Niva,внедорожник,2019,7000000,Механика,58000 км,1.7 л,полный,Левый,Да,Серебристый
Chevrolet Niva,внедорожник,2006,3000000,Механика,62000 км,1.8 л,полный,Левый,Да,Серебристый
Chevrolet Niva,внедорожник,2014,3850000,Механика,70400 км,1.7 л,полный,Левый,Да,Null
Chevrolet Niva,внедорожник,2007,3500000,Механика,Null,1.8 л,полный,Левый,Да,Null
Chevrolet Niva,внедорожник,2013,4999999,Механика,Null,2.3 л,полный,Левый,Да,Null
Chevrolet Niva,внедорожник,2018,5000000,Механика,115000 км,1.7 л,полный,Левый,Да,Серебристый
Chevrolet Niva,внедорожник,2014,2500000,Механика,Null,1.7 л,полный,Левый,Да,Белый
Chevrolet Niva,внедорожник,2011,2700000,Механика,Null,1.7 л,полный,Левый,Да,Черный
Chevrolet Niva,внедорожник,2008,1650000,Механика,170000 км,1.7 л,полный,Левый,Да,Null
Chevrolet Niva,внедорожник,2005,1800000,Механика,360000 км,1.7 л,полный,Левый,Да,Синий
Chevrolet Niva,внедорожник,2014,3600000,Механика,Null,1.7 л,полный,Левый,Да,Серебристый
Chevrolet Niva,внедорожник,2013,3500000,Механика,137000 км,1.7 л,полный,Левый,Да,Серый
Chevrolet Niva,внедорожник,2013,3500000,Механика,Null,1.7 л,полный,Левый,Да,Серебристый
Chevrolet Niva,внедорожник,2018,5300000,Механика,Null,1.7 л,полный,Левый,Да,Белый
Chevrolet Niva,внедорожник,2015,4500000,Механика,Null,1.7 л,полный,Левый,Да,Серебристый
Chevrolet Niva,внедорожник,2013,2800000,Механика,187000 км,1.7 л,полный,Левый,Да,Серебристый
Chevrolet Niva,внедорожник,2008,2300000,Механика,260000 км,1.7 л,полный,Левый,Да,Null
Chevrolet Niva,внедорожник,2020,6300000,Механика,40000 км,1.7 л,полный,Левый,Да,Null
Chevrolet Niva,внедорожник,2011,3500000,Механика,164000 км,1.7 л,полный,Левый,Да,Серый
Chevrolet Orlando,минивэн,2013,5990000,Автомат,122598 км,1.8 л,передний,Левый,Да,Белый
Chevrolet Orlando,минивэн,2014,6000000,Автомат,221500 км,1.8 л,передний,Левый,Да,Белый
Chevrolet Orlando,минивэн,2013,3363500,Механика,Null,1.8 л,передний,Левый,Да,Null
Chevrolet Orlando,минивэн,2014,6700000,Автомат,159000 км,1.8 л,передний,Левый,Да,Белый
Chevrolet Orlando,минивэн,2013,6800000,Автомат,127000 км,1.8 л,передний,Левый,Да,Серый
Chevrolet Orlando,минивэн,2013,6000000,Автомат,180000 км,1.8 л,передний,Левый,Да,Белый
Chevrolet Orlando,минивэн,2014,8000000,Автомат,Null,1.8 л,передний,Левый,Да,Черный
Chevrolet Orlando,минивэн,2014,7200000,Автомат,220000 км,1.8 л,передний,Левый,Да,Белый
Chevrolet Orlando,минивэн,2014,6800000,Автомат,172000 км,1.8 л,передний,Левый,Да,Белый
Chevrolet Orlando,минивэн,2013,6000000,Механика,Null,1.8 л,передний,Левый,Да,Серебристый
Chevrolet Orlando,минивэн,2013,5200000,Механика,170000 км,1.8 л,передний,Левый,Да,Серебристый
Chevrolet Orlando,минивэн,2013,6800000,Автомат,127000 км,1.8 л,передний,Левый,Да,Null
Chevrolet Orlando,минивэн,2014,5200000,Механика,Null,1.8 л,передний,Левый,Да,Серебристый
Chevrolet Orlando,минивэн,2012,5300000,Механика,180000 км,1.8 л,передний,Левый,Да,Белый
Chevrolet Orlando,минивэн,2014,6023000,Автомат,Null,1.8 л,передний,Левый,Да,Null
Chevrolet Orlando,минивэн,2013,5890000,Автомат,115695 км,1.8 л,передний,Левый,Да,Серебристый
Chevrolet Orlando,минивэн,2013,5800000,Автомат,Null,1.8 л,передний,Левый,Да,Черный
Chevrolet Orlando,минивэн,2013,5900000,Автомат,228000 км,1.8 л,передний,Левый,Да,Белый
Chevrolet Orlando,минивэн,2015,6700000,Автомат,120000 км,1.8 л,передний,Левый,Да,Серебристый
Chevrolet Orlando,минивэн,2013,6000000,Механика,180000 км,1.8 л,передний,Левый,Да,Белый
Chevrolet Orlando,минивэн,2013,4990000,Механика,154935 км,1.8 л,передний,Левый,Да,Серебристый
Chevrolet Orlando,минивэн,2013,6000000,Механика,118000 км,1.8 л,передний,Левый,Да,Null
Chevrolet Orlando,минивэн,2015,7500000,Автомат,150000 км,1.8 л,передний,Левый,Да,Серебристый
Chevrolet Orlando,минивэн,2013,7800000,Автомат,102800 км,1.8 л,передний,Левый,Да,Белый
Chevrolet Orlando,минивэн,2015,7500000,Автомат,139000 км,1.8 л,передний,Левый,Да,Null
Chevrolet Orlando,минивэн,2013,5850000,Механика,196000 км,1.8 л,передний,Левый,Да,Черный
Chevrolet Orlando,минивэн,2014,8000000,Автомат,182000 км,1.8 л,передний,Левый,Да,Белый
Chevrolet Orlando,минивэн,2014,5000000,Автомат,150 км,2 л,передний,Левый,Да,Черный
Chevrolet Orlando,минивэн,2014,6900000,Автомат,126000 км,1.8 л,передний,Левый,Да,Черный
Chevrolet Orlando,минивэн,2014,7000000,Автомат,105320 км,1.8 л,передний,Левый,Да,Белый
Chevrolet Orlando,минивэн,2014,6700000,Автомат,135000 км,1.8 л,передний,Левый,Да,Белый
Chevrolet Orlando,минивэн,2011,6000000,Автомат,242000 км,2 л,передний,Левый,Да,Белый
Chevrolet Orlando,минивэн,2013,7000000,Механика,177000 км,1.8 л,передний,Левый,Да,Серебристый
Chevrolet Orlando,минивэн,2013,6000000,Механика,184000 км,1.8 л,передний,Левый,Да,Серебристый
Chevrolet Orlando,минивэн,2014,5624377,Механика,280000 км,1.8 л,передний,Левый,Да,Серебристый
Chevrolet Orlando,минивэн,2014,7500000,Автомат,211268 км,1.8 л,передний,Левый,Да,Белый
Chevrolet Orlando,минивэн,2015,7200000,Автомат,163000 км,1.8 л,передний,Левый,Да,Белый
Chevrolet Orlando,минивэн,2013,6000000,Автомат,134293 км,1.8 л,передний,Левый,Да,Серый
Chevrolet Orlando,минивэн,2013,6700000,Автомат,117000 км,1.8 л,передний,Левый,Да,Белый
Chevrolet Orlando,минивэн,2013,6000000,Автомат,111 км,1.8 л,передний,Левый,Да,Черный
Chevrolet Orlando,минивэн,2013,6000000,Автомат,111 км,1.8 л,передний,Левый,Да,Черный
Chevrolet Orlando,минивэн,2014,6500000,Автомат,162000 км,1.8 л,передний,Левый,Да,Черный
Chevrolet Orlando,минивэн,2014,5200000,Механика,Null,1.8 л,передний,Левый,Да,Null
Chevrolet Orlando,минивэн,2015,7500000,Автомат,170000 км,1.8 л,передний,Левый,Да,Белый
Chevrolet Orlando,минивэн,2013,5500000,Механика,140000 км,1.8 л,передний,Левый,Да,Серый
Chevrolet Orlando,минивэн,2013,5300000,Механика,160000 км,1.8 л,передний,Левый,Да,Коричневый
Chevrolet Orlando,минивэн,2015,7590000,Автомат,124366 км,1.8 л,передний,Левый,Да,Null
Chevrolet Orlando,минивэн,2014,7950000,Автомат,138000 км,1.8 л,передний,Левый,Да,Белый
Chevrolet Orlando,минивэн,2012,5400000,Механика,122500 км,1.8 л,передний,Левый,Да,Белый
Chevrolet Orlando,минивэн,2014,5400000,Механика,190000 км,1.8 л,передний,Левый,Да,Белый
Chevrolet Orlando,минивэн,2012,5400000,Механика,122000 км,1.8 л,передний,Левый,Да,Белый
Chevrolet Orlando,минивэн,2013,5600000,Автомат,230000 км,1.8 л,передний,Левый,Да,Серый
Chevrolet Orlando,минивэн,2013,5500000,Автомат,Null,1.8 л,передний,Левый,Да,Черный
Chevrolet Orlando,минивэн,2014,5800000,Механика,160000 км,1.8 л,передний,Левый,Да,Белый
Chevrolet Orlando,минивэн,2013,6790000,Автомат,127017 км,1.8 л,передний,Левый,Да,Серый
Chevrolet Orlando,минивэн,2014,7000000,Автомат,105146 км,1.8 л,передний,Левый,Да,Белый
Chevrolet Orlando,минивэн,2014,7700000,Автомат,170000 км,1.8 л,передний,Левый,Да,Белый
Chevrolet Orlando,минивэн,2013,4700000,Механика,32000 км,1.8 л,передний,Левый,Да,Белый
Chevrolet Orlando,минивэн,2014,8000000,Автомат,138492 км,1.8 л,передний,Левый,Да,Null
Chevrolet Orlando,минивэн,2013,5800000,Автомат,80000 км,1.8 л,передний,Левый,Да,Голубой
Chevrolet Orlando,минивэн,2015,6700000,Автомат,196000 км,1.8 л,передний,Левый,Да,Синий
Chevrolet Orlando,минивэн,2013,6300000,Автомат,197000 км,1.8 л,передний,Левый,Да,Белый
Daewoo Rezzo,минивэн,2006,2800000,Механика,Null,1.6 л,передний,Левый,Да,Голубой
Chevrolet Rezzo,минивэн,2007,3200000,Механика,Null,1.6 л,передний,Левый,Да,Голубой
Chevrolet Rezzo,минивэн,2006,4600000,Механика,150000 км,1.6 л,передний,Левый,Да,Серебристый
Chevrolet Silverado,пикап,2020,31000000,Автомат,36000 км,5.3 л,полный,Левый,Да,Null
Chevrolet Silverado,пикап,2008,12000000,Автомат,Null,5.3 л,полный,Левый,Нет,Null
Chevrolet Silverado,пикап,2020,31000000,Автомат,120675 км,5.3 л,полный,Левый,Да,Null
Chevrolet Spark,хетчбэк,2013,1666666,Автомат,103000 км,1 л,передний,Левый,Нет,Розовый
Chevrolet Spark,хетчбэк,2011,3850000,Автомат,103000 км,1 л,передний,Левый,Да,Белый
Chevrolet Spark,хетчбэк,2017,5000000,Автомат,85000 км,1 л,передний,Левый,Да,Null
Chevrolet Spark,хетчбэк,2019,5600000,Автомат,65000 км,1 л,передний,Левый,Да,Бежевый
Chevrolet Spark,хетчбэк,2019,5050000,Автомат,Null,1 л,передний,Левый,Да,Серебристый
Chevrolet Spark,хетчбэк,2019,5250000,Автомат,66000 км,1 л,передний,Левый,Да,Белый
Chevrolet Spark,хетчбэк,2013,3900000,Автомат,131000 км,1 л,передний,Левый,Да,Синий
Chevrolet Spark,хетчбэк,2012,3690000,Автомат,106915 км,1 л,передний,Левый,Да,Красный
Chevrolet Spark,хетчбэк,2016,5000000,Автомат,64000 км,1 л,передний,Левый,Да,Бежевый
Chevrolet Spark,хетчбэк,2009,3350000,Автомат,126000 км,1 л,передний,Левый,Да,Null
Chevrolet Spark,хетчбэк,2011,3500000,Автомат,196000 км,1 л,передний,Левый,Да,Белый
Chevrolet Spark,хетчбэк,2019,5200000,Автомат,52000 км,1.4 л,передний,Левый,Да,Белый
Chevrolet Spark,хетчбэк,2017,5000000,Автомат,65800 км,1 л,передний,Левый,Да,Черный
Chevrolet Spark,хетчбэк,2007,2000000,Автомат,116000 км,0.8 л,передний,Левый,Да,Null
Chevrolet Spark,хетчбэк,2012,3500000,Механика,160 км,1 л,передний,Левый,Да,Синий
Chevrolet Spark,хетчбэк,2010,3600000,Автомат,Null,1 л,передний,Левый,Да,Красный
Chevrolet Spark,хетчбэк,2007,1800000,Автомат,193450 км,0.8 л,передний,Левый,Нет,Серебристый
Chevrolet Spark,хетчбэк,2009,3700000,Автомат,Null,1 л,передний,Левый,Да,Null
Chevrolet Spark,хетчбэк,2017,5000000,Автомат,Null,1 л,передний,Левый,Да,Белый
Chevrolet Spark,хетчбэк,2013,3800000,Автомат,Null,1 л,передний,Левый,Да,Null
Chevrolet Spark,хетчбэк,2012,3500000,Автомат,172000 км,1 л,передний,Левый,Да,Черный
Chevrolet Spark,хетчбэк,2018,5250000,Автомат,98000 км,1 л,передний,Левый,Да,Бежевый
Chevrolet Spark,хетчбэк,2013,3700000,Автомат,174000 км,1 л,передний,Левый,Да,Серый
Chevrolet Spark,хетчбэк,2012,3300000,Автомат,165000 км,1 л,передний,Левый,Да,Белый
Chevrolet Spark,хетчбэк,2009,3500000,Автомат,155000 км,1 л,передний,Левый,Да,Зеленый
Chevrolet Spark,хетчбэк,2019,5000000,Механика,47000 км,1 л,передний,Левый,Да,Синий
Chevrolet Spark,хетчбэк,2009,3600000,Автомат,124000 км,1 л,передний,Левый,Да,Синий
Chevrolet Spark,хетчбэк,2007,2200000,Механика,Null,0.8 л,передний,Левый,Да,Зеленый
Chevrolet Spark,хетчбэк,2019,5400000,Автомат,65000 км,1 л,передний,Левый,Да,Null
Chevrolet Spark,хетчбэк,2012,3550000,Автомат,Null,1 л,передний,Левый,Да,Розовый
Chevrolet Spark,хетчбэк,2011,3600000,Автомат,217 км,1 л,передний,Левый,Да,Белый
Chevrolet Spark,хетчбэк,2011,3750000,Автомат,Null,1 л,передний,Левый,Да,Null
Chevrolet Spark,хетчбэк,2010,3900000,Автомат,153000 км,1 л,передний,Левый,Да,Коричневый
Chevrolet Spark,хетчбэк,2014,3600000,Автомат,130000 км,1 л,передний,Левый,Да,Зеленый
Chevrolet Spark,хетчбэк,2011,3800000,Автомат,117000 км,1 л,передний,Левый,Да,Белый
Chevrolet Spark,хетчбэк,2019,5000000,Автомат,70000 км,1 л,передний,Левый,Да,Голубой
Chevrolet Spark,хетчбэк,2013,4200000,Автомат,Null,1 л,передний,Левый,Да,Белый
Chevrolet Spark,хетчбэк,2013,4500000,Автомат,180000 км,1 л,передний,Левый,Да,Черный
Chevrolet Spark,хетчбэк,2009,3000000,Механика,Null,1 л,передний,Левый,Да,Черный
Chevrolet Spark,хетчбэк,2016,4700000,Автомат,46000 км,1 л,передний,Левый,Да,Белый
Chevrolet Spark,хетчбэк,2013,3950000,Автомат,125000 км,1 л,передний,Левый,Да,Голубой
Chevrolet Spark,хетчбэк,2014,4200000,Автомат,34500 км,1 л,передний,Левый,Да,Зеленый
Chevrolet Spark,хетчбэк,2012,3700000,Автомат,19000 км,1 л,передний,Левый,Да,Серебристый
Chevrolet Spark,хетчбэк,2010,3650000,Автомат,160000 км,1 л,передний,Левый,Да,Null
Chevrolet Spark,хетчбэк,2013,3800000,Автомат,139264 км,1 л,передний,Левый,Да,Белый
Chevrolet Spark,хетчбэк,2019,4700000,Автомат,Null,1.2 л,передний,Левый,Да,Null
Chevrolet Spark,хетчбэк,2016,5200000,Автомат,Null,1 л,передний,Левый,Да,Черный
Chevrolet Spark,хетчбэк,2011,3800000,Автомат,150000 км,1 л,передний,Левый,Да,Голубой
Chevrolet Spark,хетчбэк,2010,3800000,Автомат,222000 км,1 л,передний,Левый,Да,Красный
Chevrolet Spark,хетчбэк,2019,4700000,Автомат,11000 км,1 л,передний,Левый,Да,Белый
Chevrolet Spark,хетчбэк,2011,3600000,Автомат,217 км,1 л,передний,Левый,Да,Белый
Chevrolet Spark,хетчбэк,2011,3700000,Автомат,Null,1 л,передний,Левый,Да,Розовый
Chevrolet Spark,хетчбэк,2016,3500000,Автомат,235000 км,1 л,передний,Левый,Да,Красный
Chevrolet Spark,хетчбэк,2014,4100000,Автомат,146000 км,1 л,передний,Левый,Да,Синий
Chevrolet Spark,хетчбэк,2019,4850000,Автомат,59000 км,1 л,передний,Левый,Да,Коричневый
Chevrolet Spark,хетчбэк,2012,3650000,Автомат,78000 км,1 л,передний,Левый,Да,Серебристый
Chevrolet Spark,хетчбэк,2010,3600000,Автомат,163000 км,1 л,передний,Левый,Да,Серебристый
Chevrolet Spark,хетчбэк,2019,5190000,Автомат,10815 км,1 л,передний,Левый,Да,Красный
Chevrolet Spark,хетчбэк,2014,3900000,Механика,147000 км,1 л,передний,Левый,Да,Серый
Chevrolet Spark,хетчбэк,2016,3800000,Автомат,204000 км,1 л,передний,Левый,Да,Белый
Chevrolet Spark,хетчбэк,2019,5400000,Автомат,85000 км,1 л,передний,Левый,Да,Синий
Chevrolet Spark,хетчбэк,2019,5700000,Автомат,Null,1 л,передний,Левый,Да,Синий
Chevrolet Spark,хетчбэк,2014,4100000,Автомат,187000 км,1 л,передний,Левый,Да,Голубой
Chevrolet Spark,хетчбэк,2010,3900000,Автомат,Null,1 л,передний,Левый,Да,Коричневый
Chevrolet Spark,хетчбэк,2010,3700000,Автомат,130000 км,1 л,передний,Левый,Да,Голубой
Chevrolet Spark,хетчбэк,2018,4500000,Автомат,60000 км,1 л,передний,Левый,Да,Белый
Chevrolet Suburban,внедорожник,2010,9500000,Автомат,200000 км,5.3 л,полный,Левый,Нет,Null
Chevrolet Suburban,внедорожник,2019,26000000,Автомат,27000 км,5.3 л,полный,Левый,Да,Черный
Chevrolet Suburban,внедорожник,2006,11700000,Автомат,Null,6 л,полный,Левый,Да,Черный
Chevrolet Suburban,внедорожник,2008,7500000,Автомат,110000 км,5.3 л,полный,Левый,Да,Белый
Chevrolet Suburban,внедорожник,2007,10500000,Автомат,160000 км,5.3 л,полный,Левый,Да,Белый
Chevrolet Suburban,внедорожник,2008,18500000,Автомат,260000 км,5.3 л,полный,Левый,Да,Черный
Chevrolet Suburban,внедорожник,2007,16000000,Автомат,171000 км,5.3 л,полный,Левый,Да,Черный
Chevrolet Suburban,внедорожник,2020,43500000,Автомат,64200 км,5.3 л,полный,Левый,Да,Белый
Chevrolet Suburban,внедорожник,2018,39700000,Автомат,82500 км,5.3 л,полный,Левый,Да,Черный
Chevrolet Suburban,внедорожник,2004,11000000,Автомат,200000 км,5.3 л,полный,Левый,Да,Черный
Chevrolet Suburban,внедорожник,2007,16800000,Автомат,Null,5.3 л,полный,Левый,Да,Черный
Chevrolet Tacuma,минивэн,2007,4100000,Механика,70000 км,1.6 л,передний,Левый,Да,Null
Chevrolet Tacuma,минивэн,2007,4100000,Механика,70000 км,1.6 л,передний,Левый,Да,Null
Chevrolet Tahoe,внедорожник,2007,11700000,Автомат,Null,5.3 л,полный,Левый,Да,Белый
Chevrolet Tahoe,внедорожник,2012,8000000,Автомат,200000 км,5.3 л,полный,Левый,Да,Белый
Chevrolet Tahoe,внедорожник,2012,14000000,Автомат,172000 км,5.3 л,полный,Левый,Да,Черный
Chevrolet Tahoe,внедорожник,2004,5700000,Автомат,Null,5.3 л,полный,Левый,Нет,Черный
Chevrolet Tahoe,внедорожник,2019,27000000,Автомат,130000 км,6.2 л,полный,Левый,Да,Черный
Chevrolet Tahoe,внедорожник,2016,22000000,Автомат,160000 км,6.2 л,полный,Правый,Да,Черный
Chevrolet Tahoe,внедорожник,2013,15000000,Автомат,150000 км,5.3 л,полный,Левый,Нет,Бежевый
Chevrolet Tahoe,внедорожник,2014,16200000,Автомат,190000 км,5.3 л,полный,Левый,Да,Черный
Chevrolet Tahoe,внедорожник,2020,33500000,Автомат,39000 км,6.2 л,полный,Левый,Да,Черный
Chevrolet Tahoe,внедорожник,2008,10500000,Автомат,260000 км,5.3 л,полный,Левый,Да,Null
Chevrolet Tahoe,внедорожник,2008,13800000,Автомат,195000 км,5.3 л,полный,Левый,Да,Черный
Chevrolet Tahoe,внедорожник,2009,9500000,Автомат,330000 км,5.3 л,полный,Левый,Да,Черный
Chevrolet Tahoe,внедорожник,2007,12500000,Автомат,315000 км,5.3 л,полный,Левый,Да,Белый
Chevrolet Tahoe,внедорожник,2019,28000000,Автомат,72000 км,6.2 л,полный,Левый,Да,Черный
Chevrolet Tahoe,внедорожник,2013,15500000,Автомат,180000 км,5.3 л,полный,Левый,Да,Черный
Chevrolet Tahoe,внедорожник,2006,5000000,Автомат,Null,5.3 л,полный,Левый,Нет,Черный
Chevrolet Tahoe,внедорожник,2018,27000000,Автомат,105000 км,6.2 л,полный,Левый,Да,Серебристый
Chevrolet Tracker,кроссовер,2014,6785000,Автомат,190200 км,1.8 л,полный,Левый,Да,Синий
Chevrolet Tracker,кроссовер,2014,6150000,Автомат,160155 км,1.8 л,полный,Левый,Да,Серебристый
Chevrolet Tracker,кроссовер,2013,6645000,Автомат,123150 км,1.8 л,полный,Левый,Да,Белый
Chevrolet Tracker,кроссовер,2014,6678000,Автомат,130500 км,1.8 л,передний,Левый,Да,Черный
Chevrolet Tracker,кроссовер,2020,9370000,Автомат,56023 км,1.8 л,передний,Левый,Да,Серый
Chevrolet Tracker,кроссовер,2015,6630000,Механика,110000 км,1.8 л,передний,Левый,Да,Белый
Chevrolet Tracker,кроссовер,2014,5700000,Механика,120000 км,1.8 л,передний,Левый,Да,Белый
Chevrolet Tracker,кроссовер,2015,5800000,Механика,93000 км,1.8 л,передний,Левый,Да,Белый
Chevrolet Tracker,кроссовер,2020,9300000,Автомат,38000 км,1.8 л,передний,Левый,Да,Белый
Chevrolet Tracker,кроссовер,2019,8200000,Автомат,71000 км,1.4 л,передний,Левый,Да,Null
Chevrolet Tracker,кроссовер,2020,9800000,Автомат,55000 км,1.4 л,полный,Левый,Да,Серый
Chevrolet Tracker,кроссовер,2020,8800000,Автомат,32066 км,1.8 л,передний,Левый,Да,Белый
Chevrolet Tracker,кроссовер,2020,8970000,Автомат,83000 км,1.8 л,передний,Левый,Да,Черный
Chevrolet Tracker,кроссовер,2014,7000000,Автомат,94267 км,1.8 л,полный,Левый,Да,Черный
Chevrolet Tracker,кроссовер,2014,6000000,Автомат,136200 км,1.8 л,полный,Левый,Да,Null
Chevrolet Tracker,кроссовер,2014,6000000,Механика,333000 км,1.8 л,передний,Левый,Да,Серебристый
Chevrolet Tracker,кроссовер,2014,6785000,Автомат,190200 км,1.8 л,полный,Левый,Да,Синий
Chevrolet Tracker,кроссовер,2020,9200000,Автомат,85969 км,1.8 л,полный,Левый,Да,Черный
Chevrolet Tracker,кроссовер,2020,9200000,Автомат,85969 км,1.8 л,полный,Левый,Да,Черный
Chevrolet Tracker,кроссовер,2020,9500000,Автомат,51200 км,1.8 л,передний,Левый,Да,Null
Chevrolet Tracker,кроссовер,2013,6700000,Автомат,100600 км,1.8 л,полный,Левый,Да,Null
Chevrolet Tracker,кроссовер,2013,8900000,Автомат,195000 км,1.8 л,полный,Левый,Да,Null
Chevrolet Tracker,кроссовер,2013,8950000,Автомат,195000 км,1.8 л,полный,Левый,Да,Null
Chevrolet Tracker,кроссовер,2019,8200000,Автомат,71000 км,1.4 л,передний,Левый,Да,Null
Chevrolet Tracker,кроссовер,2019,8400000,Автомат,17000 км,1.4 л,передний,Левый,Да,Белый
Chevrolet Tracker,кроссовер,2020,9890000,Автомат,33324 км,1.8 л,передний,Левый,Да,Черный
Chevrolet Tracker,кроссовер,2014,7000000,Автомат,113000 км,1.8 л,полный,Левый,Да,Белый
Chevrolet Tracker,кроссовер,2014,6200000,Автомат,174000 км,1.8 л,полный,Левый,Да,Белый
Chevrolet Tracker,кроссовер,2020,8980000,Автомат,17200 км,1.8 л,передний,Левый,Да,Синий
Chevrolet Tracker,кроссовер,2013,6450000,Автомат,135000 км,1.8 л,полный,Левый,Да,Серебристый
Chevrolet Tracker,кроссовер,2014,6000000,Автомат,83000 км,1.8 л,полный,Левый,Да,Белый
Chevrolet Tracker,кроссовер,2014,5250000,Механика,192000 км,1.8 л,передний,Левый,Да,Серебристый
Chevrolet Tracker,кроссовер,2020,9500000,Автомат,26000 км,1.8 л,передний,Левый,Да,Белый
Chevrolet Tracker,кроссовер,2014,5500000,Автомат,200000 км,1.8 л,передний,Левый,Да,Null
Chevrolet Tracker,кроссовер,2014,5500000,Автомат,170000 км,1.8 л,полный,Левый,Да,Черный
Chevrolet Tracker,кроссовер,2014,6800000,Автомат,160000 км,1.8 л,полный,Левый,Да,Черный
Chevrolet Tracker,кроссовер,2020,9100000,Автомат,65000 км,1.8 л,передний,Левый,Да,Белый
Chevrolet Tracker,кроссовер,2020,9300000,Автомат,35000 км,1.8 л,передний,Левый,Да,Белый
Chevrolet Tracker,кроссовер,2014,5000000,Автомат,144000 км,1.8 л,передний,Левый,Да,Белый
Chevrolet Tracker,кроссовер,2020,10490000,Автомат,16619 км,1.8 л,передний,Левый,Да,Серый
Chevrolet Tracker,кроссовер,2020,9300000,Автомат,35000 км,1.8 л,передний,Левый,Да,Белый
Chevrolet Tracker,кроссовер,2015,5700000,Механика,86147 км,1.8 л,передний,Левый,Да,Серый
Chevrolet Tracker,кроссовер,2020,10000000,Автомат,22830 км,1 л,передний,Левый,Да,Серый
Chevrolet Tracker,кроссовер,2014,4500000,Механика,152 км,1.8 л,передний,Левый,Да,Серебристый
Chevrolet Tracker,кроссовер,2014,7300000,Автомат,71115 км,1.8 л,полный,Левый,Да,Белый
Chevrolet Tracker,кроссовер,2015,7000000,Механика,128000 км,1.8 л,передний,Левый,Да,Белый
Chevrolet Tracker,кроссовер,2020,9190000,Автомат,67208 км,1.8 л,передний,Левый,Да,Синий
Chevrolet Tracker,кроссовер,2014,5000000,Механика,95000 км,1.8 л,передний,Левый,Да,Белый
Chevrolet Tracker,кроссовер,2014,6800000,Автомат,100000 км,1.8 л,полный,Левый,Да,Серебристый
Chevrolet Tracker,кроссовер,2014,6400000,Автомат,197500 км,1.8 л,полный,Левый,Да,Черный
Chevrolet Tracker,кроссовер,2013,6300000,Автомат,165000 км,1.8 л,полный,Левый,Да,Серебристый
Chevrolet Tracker,кроссовер,2016,5490000,Механика,196000 км,1.8 л,передний,Левый,Да,Серебристый
Chevrolet Tracker,кроссовер,2020,8670000,Автомат,53225 км,1.8 л,передний,Левый,Да,Серый
Chevrolet Tracker,кроссовер,2013,6500000,Автомат,130000 км,1.8 л,полный,Левый,Да,Серебристый
Chevrolet Tracker,кроссовер,2014,6520000,Автомат,130000 км,1.8 л,полный,Левый,Да,Белый
Chevrolet Tracker,кроссовер,2014,5790000,Автомат,227140 км,1.8 л,передний,Левый,Да,Белый
Chevrolet Tracker,кроссовер,2013,5200000,Механика,130000 км,1.4 л,передний,Левый,Да,Черный
Chevrolet Tracker,кроссовер,2014,7500000,Автомат,97000 км,1.8 л,полный,Левый,Да,Белый
Chevrolet Tracker,кроссовер,2014,7450000,Автомат,84166 км,1.8 л,полный,Левый,Да,Белый
Chevrolet Tracker,кроссовер,2015,6550000,Автомат,79000 км,1.8 л,полный,Левый,Да,Серебристый
Chevrolet Tracker,кроссовер,2016,5490000,Механика,196000 км,1.8 л,передний,Левый,Да,Серебристый
Chevrolet Tracker,кроссовер,2014,6500000,Автомат,142000 км,1.8 л,полный,Левый,Да,Черный
Chevrolet Tracker,кроссовер,2013,6300000,Автомат,152000 км,1.8 л,полный,Левый,Да,Белый
Chevrolet Tracker,кроссовер,2020,9640000,Автомат,64030 км,1.8 л,передний,Левый,Да,Белый
Chevrolet Tracker,кроссовер,2014,3211100,Автомат,Null,1.8 л,передний,Левый,Да,Null
Chevrolet Tracker,кроссовер,2014,6590000,Автомат,125072 км,1.8 л,полный,Левый,Да,Белый
Chevrolet Tracker,кроссовер,2014,6590000,Автомат,125072 км,1.8 л,полный,Левый,Да,Белый
Chevrolet Tracker,кроссовер,2014,1500500,Автомат,90000 км,1.8 л,полный,Левый,Да,Null
Chevrolet Tracker,кроссовер,2020,9600000,Автомат,31000 км,1.8 л,полный,Левый,Да,Белый
Chevrolet Tracker,кроссовер,2014,7000000,Автомат,114222 км,1.8 л,полный,Левый,Да,Серебристый
Chevrolet Tracker,кроссовер,2020,10500000,Автомат,66000 км,1.8 л,передний,Левый,Да,Черный
Chevrolet Tracker,кроссовер,2013,5990000,Автомат,157420 км,1.8 л,полный,Левый,Да,Синий
Chevrolet Tracker,кроссовер,2014,5700000,Автомат,130000 км,1.8 л,полный,Левый,Да,Красный
Chevrolet Tracker,кроссовер,2014,6600000,Автомат,93000 км,1.8 л,полный,Левый,Да,Черный
Chevrolet Tracker,кроссовер,2015,7000000,Автомат,125000 км,1.8 л,полный,Левый,Да,Серебристый
Chevrolet Tracker,кроссовер,2019,9000000,Автомат,Null,1.6 л,передний,Левый,Да,Белый
Chevrolet Tracker,кроссовер,2014,5400000,Автомат,156000 км,1.8 л,полный,Левый,Да,Серебристый
Chevrolet Tracker,кроссовер,2014,4500000,Механика,152 км,1.8 л,передний,Левый,Да,Серебристый
Chevrolet Tracker,кроссовер,2015,7500000,Автомат,Null,1.8 л,полный,Левый,Да,Белый
Chevrolet Tracker,кроссовер,2014,6700000,Автомат,102000 км,1.8 л,полный,Левый,Да,Белый
Chevrolet Tracker,кроссовер,2014,6670000,Автомат,123000 км,1.8 л,полный,Левый,Да,Белый
Chevrolet Tracker,кроссовер,2020,9660000,Автомат,28100 км,1.8 л,передний,Левый,Да,Черный
Chevrolet Tracker,кроссовер,2013,5300000,Механика,213000 км,1.8 л,передний,Левый,Да,Серый
Chevrolet Tracker,кроссовер,2014,6400000,Автомат,120000 км,1.8 л,полный,Левый,Да,Черный
Chevrolet Tracker,кроссовер,2014,6500000,Автомат,100 км,1.8 л,полный,Левый,Да,Серебристый
Chevrolet Tracker,кроссовер,2020,9750000,Автомат,28870 км,1.8 л,передний,Левый,Да,Черный
Chevrolet Tracker,кроссовер,2014,6500000,Автомат,122000 км,1.8 л,полный,Левый,Да,Черный
Chevrolet Tracker,кроссовер,2017,7500000,Автомат,140000 км,1.8 л,полный,Левый,Да,Белый
Chevrolet Tracker,кроссовер,2014,6600004,Автомат,235000 км,1.8 л,полный,Левый,Да,Серебристый
Chevrolet Tracker,кроссовер,2014,6100000,Автомат,135000 км,1.8 л,полный,Левый,Да,Черный
Chevrolet TrailBlazer,внедорожник,2005,4000000,Автомат,200000 км,4.2 л,полный,Левый,Да,Серый
Chevrolet TrailBlazer,внедорожник,2005,4000000,Автомат,200000 км,4.2 л,полный,Левый,Да,Серый
Chevrolet TrailBlazer,внедорожник,2007,5200000,Автомат,289000 км,4.2 л,полный,Левый,Нет,Серый
Chevrolet TrailBlazer,внедорожник,2020,14590000,Автомат,124375 км,3.6 л,полный,Левый,Да,Черный
Chevrolet TrailBlazer,кроссовер,2020,12000000,Автомат,17000 км,1.3 л,полный,Левый,Да,Черный
Chevrolet TrailBlazer,внедорожник,2008,4000000,Автомат,170620 км,4.2 л,полный,Левый,Нет,Серебристый
Chevrolet TrailBlazer,внедорожник,2006,3500000,Автомат,321872 км,4.2 л,задний,Левый,Нет,Null
Chevrolet TrailBlazer,внедорожник,2006,4500000,Автомат,Null,4.2 л,полный,Левый,Нет,Черный
Chevrolet TrailBlazer,внедорожник,2012,10000000,Автомат,130000 км,3.6 л,полный,Левый,Нет,Белый
Chevrolet TrailBlazer,внедорожник,2005,5000000,Автомат,200000 км,3 л,полный,Левый,Да,Черный
Chevrolet TrailBlazer,кроссовер,2020,14000000,Автомат,9000 км,1.3 л,полный,Левый,Да,Черный
Chevrolet TrailBlazer,внедорожник,2020,16450000,Автомат,50000 км,3.6 л,полный,Левый,Да,Черный
Chevrolet TrailBlazer,внедорожник,2020,16500000,Автомат,65000 км,3.6 л,полный,Левый,Да,Серебристый
Chevrolet TrailBlazer,внедорожник,2020,18100000,Автомат,27000 км,3.6 л,полный,Левый,Да,Черный
Chevrolet TrailBlazer,внедорожник,2020,15470000,Автомат,70484 км,3.6 л,полный,Левый,Да,Черный
Chevrolet TrailBlazer,внедорожник,2006,5100000,Автомат,Null,4.2 л,полный,Левый,Да,Черный
Chevrolet Traverse,кроссовер,2019,27300000,Автомат,32000 км,3.6 л,полный,Левый,Да,Черный
Chevrolet Traverse,кроссовер,2020,30000000,Автомат,30000 км,3.6 л,полный,Левый,Да,Белый
Chevrolet Traverse,кроссовер,2020,20000000,Автомат,27316 км,3.6 л,полный,Левый,Да,Серый
Chevrolet Traverse,кроссовер,2019,20999990,Автомат,34000 км,3.6 л,полный,Левый,Да,Черный
Chevrolet Traverse,кроссовер,2020,23000000,Автомат,20000 км,3.6 л,полный,Левый,Да,Белый
Chevrolet Traverse,кроссовер,2020,24000000,Автомат,48000 км,3.6 л,полный,Левый,Да,Черный
Chevrolet Trax,внедорожник,2018,7900000,Автомат,43500 км,1.6 л,передний,Левый,Да,Черный
Chevrolet Trax,внедорожник,2018,8199999,Автомат,Null,1.4 л,передний,Левый,Да,Черный
Chevrolet Trax,внедорожник,2020,10500000,Автомат,30000 км,1.4 л,полный,Левый,Да,Серый
Chevrolet Uplander,минивэн,2005,7000000,Автомат,122000 км,3.5 л,передний,Левый,Да,Белый
Chevrolet Viva,седан,2008,1720000,Механика,161000 км,1.8 л,передний,Левый,Нет,Null
Chevrolet Viva,седан,2005,2100000,Механика,Null,1.8 л,передний,Левый,Да,Серый
Chevrolet Viva,седан,2005,2200000,Механика,195000 км,1.8 л,передний,Левый,Да,Null
Chrysler 300C,седан,2005,2700000,Автомат,Null,2.7 л,задний,Левый,Да,Null
Chrysler 300C,седан,2008,5000000,Автомат,150000 км,2.7 л,задний,Левый,Да,Бежевый
Chrysler 300C,седан,2005,6300000,Автомат,394205 км,2.7 л,задний,Левый,Да,Бежевый
Chrysler 300C,седан,2006,5700000,Автомат,250000 км,2.7 л,задний,Левый,Да,Белый
Chrysler 300C,седан,2005,6000000,Автомат,105000 км,2.7 л,задний,Левый,Да,Черный
Chrysler 300C,седан,2007,5500000,Автомат,193080 км,3.5 л,задний,Левый,Да,Белый
Chrysler 300C,седан,2004,3300000,Автомат,222295 км,2.7 л,задний,Левый,Да,Белый
Chrysler 300C,седан,2005,4200000,Автомат,120000 км,3.5 л,задний,Левый,Да,Красный
Chrysler 300C,седан,2005,4900000,Автомат,190000 км,2.7 л,задний,Левый,Да,Белый
Chrysler 300C,седан,2005,6000000,Автомат,180000 км,2.7 л,задний,Левый,Да,Белый
Chrysler 300C,седан,2006,5800000,Автомат,236000 км,3.5 л,задний,Левый,Да,Белый
Chrysler 300C,универсал,2006,3000000,Автомат,Null,3.5 л,задний,Левый,Да,Белый
Chrysler 300C,седан,2005,3500000,Автомат,310000 км,3.5 л,задний,Левый,Нет,Серебристый
Chrysler 300C,лимузин,2006,4200000,Автомат,120000 км,3.5 л,задний,Левый,Да,Белый
Chrysler 300C,седан,2005,4500000,Автомат,180000 км,2.7 л,задний,Левый,Да,Черный
Chrysler 300C,седан,2006,3320000,Автомат,177000 км,3.5 л,задний,Левый,Нет,Белый
Chrysler 300C,седан,2020,16850000,Автомат,Null,3.6 л,задний,Левый,Да,Null
Chrysler 300C,седан,2007,4500000,Автомат,Null,2.7 л,задний,Левый,Да,Черный
Chrysler 300C,седан,2005,2500000,Автомат,Null,3.5 л,полный,Левый,Нет,Белый
Chrysler 300C,седан,2005,3000000,Автомат,120000 км,3.5 л,задний,Левый,Да,Белый
Chrysler 300C,седан,2007,4500000,Автомат,225120 км,2.7 л,задний,Левый,Да,Бежевый
Chrysler 300C,седан,2006,5500000,Автомат,130000 км,2.7 л,задний,Левый,Да,Белый
Chrysler 300C,седан,2008,5300000,Автомат,176990 км,2.7 л,задний,Левый,Да,Null
Chrysler 300C,седан,2006,7500000,Автомат,82000 км,3.5 л,задний,Левый,Да,Черный
Chrysler 300C,седан,2005,3600000,Автомат,369840 км,2.7 л,задний,Левый,Да,Черный
Chrysler 300C,седан,2012,5450000,Автомат,140000 км,3.6 л,задний,Левый,Нет,Синий
Chrysler 300C,седан,2005,4500000,Автомат,242959 км,2.7 л,задний,Левый,Да,Белый
Chrysler 300C,седан,2005,4500000,Автомат,313560 км,3.5 л,задний,Левый,Да,Бежевый
Chrysler 300C,седан,2006,3600000,Автомат,280 км,2.7 л,задний,Левый,Да,Черный
Chrysler 300C,седан,2005,4500000,Автомат,353980 км,2.7 л,задний,Левый,Да,Черный
Chrysler 300C,седан,2005,5500000,Автомат,200000 км,2.7 л,задний,Левый,Да,Белый
Chrysler 300C,седан,2005,4150000,Автомат,250000 км,2.7 л,задний,Левый,Да,Белый
Chrysler 300C,седан,2006,6100000,Автомат,Null,2.7 л,задний,Левый,Да,Null
Chrysler 300C,седан,2006,4400000,Автомат,Null,2.7 л,задний,Левый,Да,Белый
Chrysler 300C,седан,2005,5000000,Автомат,Null,2.7 л,задний,Левый,Да,Черный
Chrysler 300C,седан,2006,7000000,Автомат,220000 км,5.7 л,полный,Левый,Да,Null
Chrysler 300C,седан,2005,4700000,Автомат,257440 км,2.7 л,задний,Левый,Да,Белый
Chrysler 300C,седан,2009,6500000,Автомат,125000 км,2.7 л,задний,Левый,Да,Белый
Chrysler 300C,седан,2008,5800000,Автомат,Null,2.7 л,задний,Левый,Да,Белый
Chrysler 300C,универсал,2006,3400000,Автомат,61000 км,3.5 л,задний,Левый,Да,Бежевый
Chrysler 300C,седан,2005,4500000,Автомат,200000 км,3.5 л,задний,Левый,Нет,Серебристый
Chrysler 300C,седан,2006,4500000,Автомат,155172 км,2.7 л,задний,Левый,Да,Белый
Chrysler 300C,седан,2006,4500000,Автомат,155172 км,2.7 л,задний,Левый,Да,Белый
Chrysler 300C,седан,2006,4200000,Автомат,250000 км,2.7 л,задний,Левый,Да,Белый
Chrysler 300C,седан,2006,7000000,Автомат,Null,5.7 л,полный,Левый,Да,Null
Chrysler 300C,седан,2007,4000000,Автомат,137276 км,3.5 л,задний,Левый,Да,Белый
Chrysler 300C,седан,2008,5600000,Автомат,240000 км,2.7 л,задний,Левый,Да,Черный
Chrysler 300C,седан,2005,4370000,Автомат,Null,3.5 л,задний,Левый,Да,Белый
Chrysler 300C,седан,2005,4300000,Автомат,292838 км,3.5 л,задний,Левый,Да,Белый
Chrysler 300C,седан,2005,5200000,Автомат,Null,3.5 л,задний,Левый,Да,Белый
Chrysler 300C,седан,2005,4600000,Автомат,Null,3.5 л,задний,Левый,Да,Бежевый
Chrysler 300C,седан,2007,4500000,Автомат,Null,3.5 л,задний,Левый,Да,Бежевый
Chrysler 300C,седан,2006,10000000,Автомат,171000 км,6.1 л,задний,Левый,Да,Null
Chrysler 300C,седан,2005,5000000,Автомат,198911 км,3.5 л,задний,Левый,Да,Белый
Chrysler 300C,седан,2005,3400000,Автомат,Null,3.5 л,задний,Левый,Нет,Черный
Chrysler 300C,седан,2006,7100000,Автомат,250000 км,5.7 л,полный,Левый,Да,Черный
Chrysler 300C,седан,2007,4000000,Автомат,Null,2.7 л,задний,Левый,Да,Черный
Chrysler 300C,седан,2006,5000000,Автомат,273530 км,2.7 л,задний,Левый,Да,Белый
Chrysler 300C,седан,2008,3200000,Автомат,170000 км,2.7 л,задний,Левый,Нет,Белый
Chrysler 300C,седан,2007,5700000,Автомат,40000 км,2.7 л,задний,Левый,Да,Черный
Chrysler 300C,седан,2007,500000,Автомат,Null,3.5 л,задний,Левый,Нет,Черный
Chrysler 300C,седан,2005,3500000,Автомат,215000 км,3.5 л,задний,Левый,Да,Белый
Chrysler 300C,седан,2006,4150000,Автомат,222222 км,2.7 л,задний,Левый,Да,Черный
Chrysler 300C,седан,2008,4800000,Автомат,Null,2.7 л,задний,Левый,Да,Белый
Chrysler 300C,седан,2005,3800000,Автомат,Null,2.7 л,задний,Левый,Да,Белый
Chrysler 300C,универсал,2005,7500000,Автомат,330000 км,5.7 л,полный,Левый,Да,Серебристый
Chrysler 300C,седан,2006,3200000,Автомат,Null,3.5 л,задний,Левый,Нет,Серебристый
Chrysler 300C,седан,2006,2500000,Автомат,77777 км,2.7 л,задний,Левый,Да,Черный
Chrysler 300C,седан,2005,5500000,Автомат,222 км,3.5 л,задний,Левый,Да,Null
Chrysler 300C,седан,2005,5555555,Автомат,222 км,3.5 л,задний,Левый,Да,Null
Chrysler 300C,седан,2008,5700000,Автомат,217215 км,2.7 л,задний,Левый,Да,Белый
Chrysler 300C,лимузин,2006,4000000,Автомат,Null,3.5 л,задний,Левый,Да,Null
Chrysler 300C,седан,2005,4300000,Автомат,Null,3.5 л,задний,Левый,Да,Null
Chrysler 300C,седан,2006,2500000,Автомат,150000 км,3.5 л,задний,Левый,Да,Null
Chrysler 300C,седан,2006,6000000,Автомат,129502 км,3.5 л,задний,Левый,Да,Бежевый
Chrysler 300C,седан,2008,7000000,Автомат,Null,3.5 л,задний,Левый,Да,Белый
Chrysler 300C,седан,2006,5500000,Автомат,56000 км,3.5 л,задний,Левый,Нет,Null
Chrysler 300C,седан,2008,5800000,Автомат,Null,3.5 л,задний,Левый,Да,Null
Chrysler 300C,седан,2007,2000000,Автомат,111111 км,3.5 л,задний,Левый,Да,Белый
Chrysler 300C,седан,2007,5500000,Автомат,165000 км,3.5 л,задний,Левый,Да,Бежевый
Chrysler 300C,седан,2007,3500000,Автомат,Null,2.7 л,задний,Левый,Нет,Черный
Chrysler 300C,седан,2005,4800000,Автомат,201000 км,3.5 л,задний,Левый,Да,Серебристый
Chrysler 300C,седан,2006,12000000,Автомат,200000 км,6.1 л,задний,Левый,Да,Черный
Chrysler 300C,седан,2007,3000000,Автомат,118000 км,3.5 л,задний,Левый,Да,Белый
Chrysler 300C,универсал,2007,3200000,Автомат,48672 км,3.5 л,задний,Левый,Да,Белый
Chrysler 300C,седан,2007,6400000,Автомат,197907 км,3.5 л,задний,Левый,Да,Серый
Chrysler 300C,седан,2007,3600000,Автомат,Null,2.7 л,задний,Левый,Да,Бежевый
Chrysler 300C,седан,2005,5850000,Автомат,180000 км,3.5 л,задний,Левый,Да,Черный
Chrysler 300C,седан,2010,8300000,Автомат,225260 км,3.5 л,задний,Левый,Да,Серебристый
Chrysler Crossfire,купе,2004,4700000,Автомат,201000 км,3.2 л,задний,Левый,Да,Белый
Dodge Intrepid,седан,2004,3800000,Автомат,Null,2.7 л,передний,Левый,Да,Бежевый
Chrysler Pacifica,кроссовер,2004,5500000,Автомат,255000 км,3.5 л,полный,Левый,Да,Черный
Chrysler Pacifica,кроссовер,2005,4000000,Автомат,Null,3.5 л,полный,Левый,Да,Null
Chrysler Pacifica,кроссовер,2004,4700000,Автомат,288880 км,3.5 л,полный,Левый,Да,Синий
Chrysler Pacifica,кроссовер,2007,7200000,Автомат,259000 км,4 л,передний,Левый,Да,Null
Chrysler Pacifica,кроссовер,2004,5200000,Автомат,257000 км,3.5 л,передний,Левый,Нет,Черный
Chrysler Pacifica,кроссовер,2004,4000000,Автомат,Null,3.5 л,полный,Левый,Да,Серебристый
Chrysler Pacifica,кроссовер,2007,6800000,Автомат,Null,4 л,полный,Левый,Да,Белый
Chrysler Pacifica,кроссовер,2006,5000000,Автомат,500000 км,3.5 л,полный,Левый,Да,Белый
Chrysler PT Cruiser,хетчбэк,2006,2700000,Автомат,Null,2.4 л,передний,Левый,Да,Null
Chrysler PT Cruiser,хетчбэк,2006,2000000,Механика,290000 км,1.6 л,передний,Левый,Да,Черный
Chrysler PT Cruiser,кабриолет,2007,3790000,Автомат,90200 км,2.4 л,передний,Левый,Да,Синий
Chrysler PT Cruiser,хетчбэк,2005,3200000,Автомат,Null,2.4 л,передний,Левый,Да,Null
Chrysler PT Cruiser,хетчбэк,2005,3600000,Автомат,Null,2.4 л,передний,Левый,Да,Null
Chrysler Sebring,седан,2004,1398351,Автомат,Null,2.7 л,передний,Левый,Да,Null
Chrysler Sebring,седан,2009,3700000,Автомат,160000 км,2.4 л,передний,Левый,Да,Черный
Chrysler Sebring,седан,2004,1800000,Автомат,Null,2.4 л,передний,Левый,Нет,Красный
Chrysler Sebring,седан,2005,1800000,Автомат,351532 км,2.4 л,передний,Левый,Да,Серебристый
Chrysler Sebring,седан,2007,4200000,Автомат,185000 км,2.4 л,передний,Левый,Да,Серебристый
Chrysler Sebring,кабриолет,2008,7995000,Автомат,70006 км,3.5 л,передний,Левый,Да,Null
Chrysler Sebring,седан,2007,1200000,Автомат,257440 км,2.4 л,передний,Левый,Да,Null
Chrysler Sebring,седан,2006,3500000,Автомат,Null,2.4 л,передний,Левый,Да,Синий
Chrysler Sebring,седан,2007,4100000,Автомат,115000 км,2.4 л,передний,Левый,Да,Белый
Chrysler Sebring,седан,2007,3400000,Автомат,227000 км,2.4 л,передний,Левый,Да,Серый
Chrysler Sebring,седан,2006,3800000,Автомат,140000 км,2.4 л,передний,Левый,Да,Голубой
Dodge Stratus,седан,2006,2690000,Автомат,273360 км,2.4 л,передний,Левый,Да,Null
Dodge Stratus,седан,2004,3000000,Автомат,316973 км,2.7 л,передний,Левый,Да,Серебристый
Dodge Stratus,купе,2006,3700000,Автомат,241350 км,2.4 л,передний,Левый,Да,Красный
Dodge Stratus,седан,2004,2350000,Автомат,236523 км,2.4 л,передний,Левый,Да,Серый
Dodge Stratus,седан,2004,2200000,Автомат,365243 км,2.4 л,передний,Левый,Да,Серебристый
Dodge Stratus,седан,2005,3500000,Автомат,227980 км,2.4 л,передний,Левый,Да,Белый
Dodge Stratus,седан,2006,1900000,Автомат,285000 км,2.4 л,передний,Левый,Да,Серебристый
Dodge Stratus,седан,2005,3000000,Автомат,260000 км,2.4 л,передний,Левый,Да,Черный
Dodge Stratus,седан,2006,4399999,Автомат,171000 км,2.4 л,передний,Левый,Да,Зеленый
Chrysler Town and Country,минивэн,2006,5000000,Автомат,220000 км,3.3 л,передний,Левый,Да,Серебристый
Chrysler Town and Country,минивэн,2015,14000000,Автомат,140000 км,3.6 л,передний,Левый,Да,Белый
Chrysler Voyager,минивэн,2004,6000000,Автомат,226669 км,2.4 л,передний,Левый,Да,Null
Chrysler Voyager,минивэн,2007,5000000,Автомат,Null,2.8 л,передний,Левый,Нет,Серебристый
Citroen Berlingo,минивэн,2012,850000,Механика,Null,1.6 л,передний,Левый,Нет,Null
Citroen C1,хетчбэк,2010,3500000,Робот,153000 км,1 л,передний,Левый,Да,Серый
Citroen C1,хетчбэк,2008,2200000,Механика,321000 км,1 л,передний,Левый,Да,Null
Citroen C2,хетчбэк,2007,500000,Механика,Null,1.4 л,передний,Левый,Нет,Null
Citroen C2,хетчбэк,2009,1400000,Механика,90000 км,1.1 л,передний,Левый,Да,Серебристый
Citroen C3,хетчбэк,2008,1200000,Механика,224000 км,1.1 л,передний,Левый,Нет,Голубой
Citroen C3,хетчбэк,2005,1700000,Автомат,350000 км,1.4 л,передний,Левый,Нет,Красный
Citroen C3 Picasso,минивэн,2012,3500000,Механика,215000 км,1.4 л,передний,Левый,Да,Серый
Citroen C4,седан,2014,5500000,Автомат,130000 км,1.6 л,передний,Левый,Да,Белый
Citroen C4,хетчбэк,2008,1100000,Автомат,Null,1.6 л,передний,Левый,Нет,Красный
Citroen C4,хетчбэк,2008,3500000,Автомат,168000 км,1.6 л,передний,Левый,Да,Null
Citroen C4,седан,2013,1250000,Автомат,Null,1.6 л,передний,Левый,Нет,Null
Citroen C4,хетчбэк,2007,200000,Автомат,Null,1.6 л,передний,Левый,Нет,Черный
Citroen C4,хетчбэк,2006,2500000,Автомат,Null,1.6 л,передний,Левый,Нет,Null
Citroen C4,хетчбэк,2007,320000,Механика,Null,2 л,передний,Левый,Нет,Null
Citroen C4,седан,2013,2600000,Автомат,111111 км,1.6 л,передний,Левый,Нет,Белый
Citroen C4,хетчбэк,2011,5000000,Автомат,166000 км,1.6 л,передний,Левый,Да,Серебристый
Citroen C4,хетчбэк,2010,3700000,Автомат,130000 км,1.6 л,передний,Левый,Да,Черный
Citroen C4 Picasso,минивэн,2015,6500000,Робот,200000 км,1.6 л,передний,Левый,Да,Белый
Citroen C5,седан,2010,4600000,Механика,175000 км,1.7 л,передний,Левый,Нет,Null
Citroen C5,универсал,2010,5500000,Автомат,Null,1.6 л,передний,Левый,Нет,Черный
Citroen C5,седан,2012,5470000,Автомат,165400 км,1.6 л,передний,Левый,Да,Белый
Citroen C5,седан,2010,3250000,Автомат,134000 км,1.6 л,передний,Левый,Да,Черный
Citroen Jumper,фургон,2011,7600000,Механика,11000 км,2.4 л,задний,Левый,Да,Белый
Citroen Jumper,фургон,2011,4700000,Механика,Null,2.2 л,передний,Левый,Да,Белый
Citroen Jumper,фургон,2011,9500000,Механика,112310 км,2.2 л,передний,Левый,Да,Null
Citroen Jumper,фургон,2011,6500000,Механика,200000 км,2.2 л,передний,Левый,Да,Белый
Citroen Jumper,фургон,2012,6500000,Механика,40000 км,2.2 л,передний,Левый,Да,Белый
Citroen Jumper,фургон,2012,9500000,Механика,200000 км,2.2 л,передний,Левый,Да,Белый
Citroen Jumper,фургон,2008,5200000,Механика,155000 км,2.4 л,задний,Левый,Да,Белый
Citroen Jumper,фургон,2012,6500000,Механика,290000 км,2.4 л,задний,Левый,Да,Null
Renault Duster,кроссовер,2014,4350000,Механика,135000 км,1.6 л,полный,Левый,Да,Белый
Renault Duster,кроссовер,2014,5143000,Автомат,Null,2 л,полный,Левый,Да,Null
Renault Duster,кроссовер,2014,3241000,Механика,Null,2 л,полный,Левый,Да,Null
Renault Duster,кроссовер,2014,5500000,Механика,201519 км,2 л,полный,Левый,Да,Null
Renault Duster,кроссовер,2016,7100000,Автомат,98000 км,2 л,полный,Левый,Да,Зеленый
Renault Duster,кроссовер,2020,9500000,Механика,33200 км,2 л,полный,Левый,Да,Null
Renault Duster,кроссовер,2014,4500000,Механика,160000 км,1.6 л,передний,Левый,Да,Серебристый
Renault Duster,кроссовер,2014,5500000,Механика,180000 км,2 л,полный,Левый,Да,Белый
Renault Duster,кроссовер,2013,4890000,Механика,267468 км,2 л,полный,Левый,Да,Черный
Renault Duster,кроссовер,2013,6060000,Автомат,168305 км,2 л,передний,Левый,Да,Белый
Renault Duster,кроссовер,2013,4200000,Механика,Null,2 л,полный,Левый,Да,Коричневый
Renault Duster,кроссовер,2014,5000000,Механика,130000 км,1.6 л,передний,Левый,Да,Черный
Renault Duster,кроссовер,2015,4700000,Механика,180000 км,1.6 л,полный,Левый,Да,Серебристый
Renault Duster,кроссовер,2015,6500000,Автомат,144000 км,2 л,полный,Левый,Да,Белый
Renault Duster,кроссовер,2016,5990000,Автомат,274860 км,2 л,полный,Левый,Да,Зеленый
Renault Duster,кроссовер,2015,5000005,Механика,Null,1.6 л,передний,Левый,Да,Null
Renault Duster,кроссовер,2013,5500000,Автомат,150000 км,2 л,передний,Левый,Да,Красный
Renault Duster,кроссовер,2014,5300000,Механика,195000 км,2 л,полный,Левый,Да,Null
Renault Duster,кроссовер,2013,5500000,Автомат,Null,2 л,передний,Левый,Да,Белый
Renault Duster,кроссовер,2020,9500000,Автомат,33200 км,2 л,полный,Левый,Да,Коричневый
Renault Duster,кроссовер,2015,3000000,Механика,Null,1.6 л,передний,Левый,Нет,Null
Renault Duster,кроссовер,2018,8500000,Механика,170000 км,2 л,полный,Левый,Да,Белый
Renault Duster,кроссовер,2016,5500000,Механика,37650 км,1.6 л,полный,Левый,Да,Белый
Renault Duster,кроссовер,2015,7000000,Автомат,184000 км,2 л,полный,Левый,Да,Белый
Renault Duster,кроссовер,2015,6000000,Механика,120000 км,1.6 л,полный,Левый,Да,Белый
Renault Duster,кроссовер,2013,5500000,Автомат,190000 км,2 л,передний,Левый,Да,Белый
Renault Duster,кроссовер,2013,5500000,Механика,130000 км,2 л,полный,Левый,Да,Черный
Renault Duster,кроссовер,2012,5400000,Автомат,167000 км,2 л,передний,Левый,Да,Серебристый
Renault Duster,кроссовер,2017,6900000,Механика,189000 км,2 л,полный,Левый,Да,Серый
Renault Duster,кроссовер,2014,5199999,Автомат,155498 км,2 л,передний,Левый,Да,Белый
Renault Duster,кроссовер,2014,5280000,Автомат,205008 км,2 л,полный,Левый,Да,Белый
Renault Duster,кроссовер,2019,6000000,Механика,75000 км,2 л,полный,Левый,Да,Белый
